"","hyena_ID","date_sampling","sample_ID.x","module","sub_module","clan","sex","birthdate","age_sampling","age_sampling_cat","litter_size","twin_status","sex_comp","date_reversal1","date_reversal2","type_adoption","genetic_mum_alive","social_rank_genetic_mum","surrogate_mum1_alive","social_rank_surrogate_mum1","surrogate_mum2_alive","social_rank_surrogate_mum2","date_adoption","social_rank_hyena_ID","prey_level","prey_level_imputed","sampling_month","season","total_parasite_load","Ancylostoma_egg_load","Ancylostoma_rich","Cystoisospora_oocyst_load","Cystoisospora_rich","Spirometra_egg_load","Spirometra_rich","Dipylidium_egg_load","Dipylidium_rich..includes.proglotids.visualization.info.","Trichuris_egg_load","Trichuris_rich","Taeniidae_egg_load","Taeniidae_rich","Spirurida_egg_load","Spirurida_rich","Mesocestoides_egg_load","Mesocestoides_rich","other_unidentified_taxa","other_rich","total_parasite_rich","total_parasite_rich_without_other","mucin","IgA","IgG","fGCM","lysozyme","lysozyme_detection","neopterin","neopterin_CV","extract_prepared_neopterin","date_neopterin","time_of_storage_neopterin","sample_ID.y","cortisol","ID_sib","genetic_mum","surrogate_mum"
"1","I247","2009-12-15","X9162","intest_biomes","adoptions","I","F","1996-08-27",4858,"sampled_as_adult",NA,NA,NA,NA,NA,NA,NA,NA,NA,NA,NA,NA,NA,-0.54,2,2,12,"wet",75,75,1,0,0,0,0,0,0,0,0,0,0,0,0,0,0,0,0,1,1,88.23171755,44739.81424,28.33800714,47.73,0,0,19.38,"5 - 10%","22-Jan-2021","5-Feb-2021",14,"ES1299",47.73,NA,"I166","I153"
"2","I278","2011-04-13","B2400","intest_biomes","adoptions","I","F","1998-04-11",4750,"sampled_as_adult",NA,NA,NA,NA,NA,NA,NA,NA,NA,NA,NA,NA,NA,-0.85,1,1,4,"wet",125,50,1,0,0,25,1,0,0,0,0,0,0,0,0,50,1,0,0,3,3,85.11337766,261229.5666,11121.6177,38.36,0,0,12.81,"< 5%","24-Feb-2020","14-Dec-2020",294,"ES1608",38.36,NA,"I153","I153"
"3","I351","2010-09-28","B897","intest_biomes","adoptions","I","F","2001-08-11",3335,"sampled_as_adult",NA,NA,NA,NA,NA,NA,NA,NA,NA,NA,NA,NA,NA,0.55,2,2,9,"dry",625,225,1,0,0,0,0,0,0,0,0,0,0,400,1,0,0,0,0,2,2,73.63433191,154851.9515,0,30.237,0,0,11.7,"< 5%","22-Jan-2021","5-Feb-2021",14,"ES1423",30.24,"I350","I201","I201"
"4","I365","2007-11-29","X6753","intest_biomes","social_dyn","I","F","2002-06-14",1994,"sampled_as_adult",NA,NA,NA,NA,NA,NA,NA,NA,NA,NA,NA,NA,NA,-0.48,2,2,11,"wet",NA,NA,NA,NA,NA,NA,NA,NA,NA,NA,NA,NA,NA,NA,NA,NA,NA,NA,NA,NA,NA,83.52018563,88376.27567,13.52789787,38.545,0,0,20.441,"< 5%","22-Jan-2021","27-Jan-2021",5,"ES897",38.55,"I366","I182","I182"
"5","I365","2014-11-07","B6320","intest_biomes","extreme_ranks","I","F","2002-06-14",4529,"sampled_as_adult",NA,NA,NA,NA,NA,NA,NA,NA,NA,NA,NA,NA,NA,-0.6,2,2,11,"wet",675,400,1,0,0,275,1,0,0,0,0,0,0,0,0,0,0,0,0,2,2,29.89088306,170184.449,339.3864171,28.881,0,0,21.09,"< 5%","24-Feb-2020","16-Dec-2020",296,"ES1935",28.88,"I366","I182","I182"
"6","I369","2007-09-26","X6473","intest_biomes","social_dyn","I","F","2002-08-21",1862,"sampled_as_adult",NA,NA,NA,NA,NA,NA,NA,NA,NA,NA,NA,NA,NA,-0.24,2,2,9,"dry",NA,NA,NA,NA,NA,NA,NA,NA,NA,NA,NA,NA,NA,NA,NA,NA,NA,NA,NA,NA,NA,36.88792016,60828.58867,333.8838693,15.09,0,0,2.133,"< 5%","16-Apr-2020","16-Dec-2020",244,"ES850",15.09,NA,"I214","I214"
"7","I405","2015-06-08","B6739","intest_biomes","extreme_ranks","I","F","2005-02-16",3764,"sampled_as_adult",NA,NA,NA,NA,NA,NA,NA,NA,NA,NA,NA,NA,NA,-0.76,1,1,6,"dry",25,25,1,0,0,0,0,0,0,0,0,0,0,0,0,0,0,0,0,1,1,13.84058026,677477.8173,510.2673876,27.695,0,0,1.302,"< 5%","24-Feb-2020","16-Dec-2020",296,"ES2114",27.7,"I408","I247","I247"
"8","I434","2016-07-27","B7860","intest_biomes","extreme_ranks","I","F","2006-02-21",3809,"sampled_as_adult",NA,NA,NA,NA,NA,NA,NA,NA,NA,NA,NA,NA,NA,-0.17,2,2,7,"dry",25,0,0,0,0,0,0,0,0,25,1,0,0,0,0,0,0,0,0,1,1,71.91142389,237742.1671,7.041535313,77.29,0,0,37.56,"< 5%","24-Feb-2020","16-Dec-2020",296,"ES2357",77.29,NA,"I363","I363"
"9","I447","2009-11-30","X8931","intest_biomes","extreme_ranks","I","F","2006-08-20",1198,"sampled_as_adult",NA,NA,NA,NA,NA,NA,NA,NA,NA,NA,NA,NA,NA,-0.6,3,3,11,"wet",0,0,0,0,0,0,0,0,0,0,0,0,0,0,0,0,0,0,0,0,0,28.03930754,160326.7018,58.59857043,12.21,0,0,3.564,"5 - 10%","24-Feb-2020","14-Dec-2020",294,"ES1274",12.21,"I448","I247","I247"
"10","I458","2009-06-05","X8181","intest_biomes","social_dyn","I","F","2007-04-01",796,"sampled_as_adult",NA,NA,NA,NA,NA,NA,NA,NA,NA,NA,NA,NA,NA,-0.88,1,1,6,"dry",NA,NA,NA,NA,NA,NA,NA,NA,NA,NA,NA,NA,NA,NA,NA,NA,NA,NA,NA,NA,NA,271.179003,665413.2905,18.82768854,17.579,1.302044,1,53.51,"< 5%","22-Jan-2021","28-Jan-2021",6,"ES1145",208.75,NA,"I278","I278"
"11","I459","2007-09-18","X6441","intest_biomes","social_dyn","I","F","2007-05-26",115,"sampled_as_juvenile","twin","twin_sub","mixed",NA,NA,"no_adoption","mum_alive",0.1,NA,NA,NA,NA,NA,NA,2,2,9,"dry",NA,NA,NA,NA,NA,NA,NA,NA,NA,NA,NA,NA,NA,NA,NA,NA,NA,NA,NA,NA,NA,208.8682098,372822.6645,1473.353493,35.925,0,0,9.641,"< 5%","16-Apr-2020","22-Mar-2021",340,"ES840",35.93,"I469","I211","I211"
"12","I459","2009-12-02","X8978","intest_biomes","social_dyn","I","F","2007-05-26",921,"sampled_as_adult",NA,NA,NA,NA,NA,NA,NA,NA,NA,NA,NA,NA,NA,-0.43,3,3,12,"wet",0,0,0,0,0,0,0,0,0,0,0,0,0,0,0,0,0,0,0,0,0,83.36352422,87368.08196,122.2729032,20.52,0,0,2.919,"< 5%","16-Apr-2020","14-Dec-2020",242,"ES1282",20.52,"I469","I211","I211"
"13","I461","2007-11-20","X6641","intest_biomes","twins","I","M","2007-06-07",166,"sampled_as_juvenile","twin","twin_dom","mixed","2007-11-20",NA,"no_adoption","mum_alive",0.7,NA,NA,NA,NA,NA,NA,2,2,11,"wet",NA,NA,NA,NA,NA,NA,NA,NA,NA,NA,NA,NA,NA,NA,NA,NA,NA,NA,NA,NA,NA,132.4552006,1157061.77,215.0344709,NA,0,0,8.962,"< 5%","16-Apr-2020","16-Dec-2020",244,"ES886",NA,"I462","I351","I351"
"14","I462","2007-11-20","X6643","intest_biomes","social_dyn_twins","I","F","2007-06-07",166,"sampled_as_juvenile","twin","twin_sub","mixed","2007-11-20",NA,"no_adoption","mum_alive",0.7,NA,NA,NA,NA,NA,NA,2,2,11,"wet",NA,NA,NA,NA,NA,NA,NA,NA,NA,NA,NA,NA,NA,NA,NA,NA,NA,NA,NA,NA,NA,NA,NA,NA,NA,NA,NA,NA,NA,NA,NA,NA,NA,NA,"I461","I351","I351"
"15","I476","2016-12-10","B8634","intest_biomes","extreme_ranks","I","F","2007-10-07",3352,"sampled_as_adult",NA,NA,NA,NA,NA,NA,NA,NA,NA,NA,NA,NA,NA,1,1,1,12,"wet",25,25,1,0,0,0,0,0,0,0,0,0,0,0,0,0,0,0,0,1,1,29.89387537,81407.8982,10.08759994,29.626,0,0,3.506,"< 5%","24-Feb-2020","16-Dec-2020",296,"ES2517",29.63,"I475","I314","I314"
"16","I482","2008-09-01","X7135","intest_biomes","social_dyn","I","F","2008-04-12",142,"sampled_as_juvenile","singlt",NA,NA,NA,NA,"no_adoption","mum_alive",-0.23,NA,NA,NA,NA,NA,NA,2,2,9,"dry",NA,NA,NA,NA,NA,NA,NA,NA,NA,NA,NA,NA,NA,NA,NA,NA,NA,NA,NA,NA,NA,107.0663506,1085954.248,1010.738111,61.203,0,0,7.874,"5 - 10%","16-Apr-2020","22-Mar-2021",340,"ES993",61.2,NA,"I363","I363"
"17","I484","2009-11-28","X8908","intest_biomes","social_dyn","I","F","2008-04-27",580,"sampled_as_juvenile","twin","twin_dom","mixed",NA,NA,"no_adoption","mum_alive",0.14,NA,NA,NA,NA,NA,NA,3,3,11,"wet",56450,875,1,0,0,55575,1,0,0,0,0,0,0,0,0,0,0,0,0,2,2,105.637365,336314.3425,58.18589589,21.805,0,0,2.15,"5 - 10%","22-Jan-2021","27-Jan-2021",5,"ES1271",21.81,"I485","I383","I383"
"18","I491","2008-09-22","X7340","intest_biomes","social_dyn","I","F","2008-06-09",105,"sampled_as_juvenile","twin","twin_dom","mixed",NA,NA,"no_adoption","mum_alive",-0.75,NA,NA,NA,NA,NA,NA,3,3,9,"dry",NA,NA,NA,NA,NA,NA,NA,NA,NA,NA,NA,NA,NA,NA,NA,NA,NA,NA,NA,NA,NA,351.794314,4698152.141,15.29637348,2382.673,0,0,22.62,"< 5%","16-Apr-2020","16-Dec-2020",244,"ES1009",2382.67,"I489","I387","I387"
"19","I512","2009-09-24","X8562","intest_biomes","twins","I","M","2009-05-02",145,"sampled_as_juvenile","twin","twin_dom","MM",NA,NA,"no_adoption","mum_alive",-0.77,NA,NA,NA,NA,NA,NA,2,2,9,"dry",NA,NA,NA,NA,NA,NA,NA,NA,NA,NA,NA,NA,NA,NA,NA,NA,NA,NA,NA,NA,NA,178.8413288,1357078.893,827.919016,41.01,0,0,3.331,"< 5%","16-Apr-2020","16-Dec-2020",244,"ES1188",41.01,"I513","I405","I405"
"20","I513","2009-09-25","X8566","intest_biomes","twins","I","M","2009-05-02",146,"sampled_as_juvenile","twin","twin_sub","MM",NA,NA,"no_adoption","mum_alive",-0.77,NA,NA,NA,NA,NA,NA,2,2,9,"dry",NA,NA,NA,NA,NA,NA,NA,NA,NA,NA,NA,NA,NA,NA,NA,NA,NA,NA,NA,NA,NA,131.443065,564788.694,187.299932,44.545,0,0,5.151,"< 5%","16-Apr-2020","23-Mar-2021",341,"ES1190",44.55,"I512","I405","I405"
"21","I515","2009-07-22","X8453","intest_biomes","social_dyn","I","F","2009-03-17",127,"sampled_as_juvenile","singlt",NA,NA,NA,NA,"no_adoption","mum_alive",-0.09,NA,NA,NA,NA,NA,NA,2,2,7,"dry",NA,NA,NA,NA,NA,NA,NA,NA,NA,NA,NA,NA,NA,NA,NA,NA,NA,NA,NA,NA,NA,82.75516359,466740.9483,1262.565695,22.401,0,0,3.672,"< 5%","16-Apr-2020","23-Mar-2021",341,"ES1150",22.4,NA,"I182","I182"
"22","I538","2016-07-06","B7706","intest_biomes","social_dyn","I","F","2009-09-08",2493,"sampled_as_adult",NA,NA,NA,NA,NA,NA,NA,NA,NA,NA,NA,NA,NA,0.35,2,2,7,"dry",1100,75,1,125,1,875,1,0,0,0,0,0,0,0,0,25,1,0,0,4,4,71.58194612,49228.34976,37.37387959,43.615,0,0,2.527,"< 5%","16-Apr-2020","17-Dec-2020",245,"ES2333",43.62,NA,"I451","I451"
"23","I545","2010-02-23","X9326","intest_biomes","social_dyn","I","F","2009-10-28",118,"sampled_as_juvenile","twin","twin_sub","FF",NA,NA,"no_adoption","mum_alive",0.14,NA,NA,NA,NA,NA,NA,2,2,2,"wet",6100,5700,1,400,1,0,0,0,0,0,0,0,0,0,0,0,0,0,0,2,2,115.9240582,594506.3701,413.1622713,36.98,0,0,6.79,"< 5%","16-Apr-2020","16-Dec-2020",244,"ES1321",36.98,"I544","I383","I383"
"24","I545","2015-11-11","B7255","intest_biomes","social_dyn","I","F","2009-10-28",2205,"sampled_as_adult",NA,NA,NA,NA,NA,NA,NA,NA,NA,NA,NA,NA,NA,0.45,3,3,11,"wet",100,0,0,0,0,100,1,0,0,0,0,0,0,0,0,0,0,0,0,1,1,43.58092413,302.5768584,8.034353693,33.971,0,0,9.67,"< 5%","6-Oct-2017","7-Oct-2020",1097,"ES2241",33.97,"I544","I383","I383"
"25","I551","2010-07-09","B574","intest_biomes","adoptions","I","M","2010-01-12",178,"sampled_as_juvenile","twin","twin_dom","mixed","2010-07-07",NA,"no_adoption","mum_alive",-0.65,NA,NA,NA,NA,NA,NA,2,2,7,"dry",650,125,1,275,1,200,1,0,0,25,1,0,0,0,0,0,0,25,1,5,4,123.3487386,648637.7282,3261.295481,25.205,0,0,4.891,"< 5%","24-Feb-2020","15-Dec-2020",295,"ES1379",25.21,"I550","I387","I387"
"26","I557","2010-10-07","B990","intest_biomes","adoptions","I","M","2010-02-19",230,"sampled_as_juvenile","twin","twin_sub","mixed",NA,NA,"adoption","mum_alive",-0.85,"surrogate_mum1_alive",0.55,NA,NA,"2010-03-18",NA,2,2,10,"dry",7875,1775,1,275,1,5650,1,0,1,100,1,0,0,0,0,0,0,75,1,6,5,279.5804765,22407.08216,113.5944617,29.135,0,0,4.08,"< 5%","5-Nov-2020","15-Dec-2020",40,"ES1433",29.14,"I558","I278","I351"
"27","I558","2010-09-20","B867","intest_biomes","adoptions","I","F","2010-02-19",213,"sampled_as_juvenile","twin","twin_dom","mixed",NA,NA,"adoption","mum_alive",-0.85,"surrogate_mum1_alive",0.55,NA,NA,"2010-03-18",NA,1,1,9,"dry",100,100,1,0,0,0,0,0,1,0,0,0,0,0,0,0,0,0,0,2,2,214.8965112,16811.43005,12.09976958,31.108,0,0,10.52,"< 5%","5-Nov-2020","15-Dec-2020",40,"ES1419",31.11,"I557","I278","I351"
"28","I562","2010-07-07","B540","intest_biomes","social_dyn","I","F","2010-02-05",152,"sampled_as_juvenile","twin","twin_dom","FF",NA,NA,"no_adoption","mum_alive",-0.35,NA,NA,NA,NA,NA,NA,2,2,7,"dry",4825,4575,1,150,1,25,1,0,0,0,0,0,0,0,0,0,0,75,1,3,2,126.1952691,1128818.311,89.76453188,67.59,0,0,8.316,"< 5%","16-Apr-2020","16-Dec-2020",244,"ES1377",67.59,"I563","I335","I335"
"29","I562","2010-09-07","B824","intest_biomes","adoptions","I","F","2010-02-05",214,"sampled_as_juvenile","twin","twin_dom","FF",NA,NA,"no_adoption","mum_alive",-0.35,NA,NA,NA,NA,NA,NA,2,2,9,"dry",2300,1825,1,0,0,0,0,400,1,0,0,0,0,50,1,0,0,0,0,3,3,113.0433927,1449741.212,58.03811642,84.929,0,0,7.777,"< 5%","22-Jan-2021","28-Jan-2021",6,"ES1413",84.93,"I563","I335","I335"
"30","I562","2016-12-13","B8661","intest_biomes","social_dyn","I","F","2010-02-05",2503,"sampled_as_adult",NA,NA,NA,NA,NA,NA,NA,NA,NA,NA,NA,NA,NA,-0.39,1,1,12,"wet",25,25,1,0,0,0,0,0,0,0,0,0,0,0,0,0,0,0,0,1,1,24.19734371,341381.434,318.0720166,31.78,0,0,7.273,"< 5%","16-Apr-2020","17-Dec-2020",245,"ES2523",31.78,"I563","I335","I335"
"31","I565","2010-11-25","B1445","intest_biomes","social_dyn_adoptions","I","F","2010-03-03",267,"sampled_as_juvenile","twin","twin_dom","mixed",NA,NA,"no_adoption","mum_alive",0.79,NA,NA,NA,NA,NA,NA,2,2,11,"wet",16475,150,1,25,1,16300,1,0,0,0,0,0,0,0,0,0,0,0,0,3,3,74.66377833,227502.8213,583.123751,16.717,0,0,4.897,"5 - 10%","24-Feb-2020","16-Dec-2020",296,"ES1470",16.72,"I564","I315","I315"
"32","I565","2016-06-16","B7607","intest_biomes","social_dyn","I","F","2010-03-03",2297,"sampled_as_adult",NA,NA,NA,NA,NA,NA,NA,NA,NA,NA,NA,NA,NA,0.4,2,2,6,"dry",950,150,1,175,1,625,1,0,0,0,0,0,0,0,0,0,0,0,0,3,3,78.43109564,138556.3734,11.81321144,29.265,0,0,3.495,"< 5%","16-Apr-2020","17-Dec-2020",245,"ES2308",29.27,"I564","I315","I315"
"33","I566","2010-10-07","B981","intest_biomes","adoptions","I","M","2010-04-29",161,"sampled_as_juvenile","singlt",NA,NA,NA,NA,"no_adoption","mum_alive",0.75,NA,NA,NA,NA,NA,NA,2,2,10,"dry",275,275,1,0,0,0,0,0,1,0,0,0,0,0,0,0,0,0,0,2,2,293.7286176,236243.4301,106.3413862,46.347,1.472755,1,4.058,"< 5%","24-Jun-2017","7-Oct-2020",1201,"ES1432",46.35,NA,"I400","I400"
"34","I567","2010-08-05","B635","intest_biomes","social_dyn","I","F","2010-03-01",157,"sampled_as_juvenile","twin","twin_dom","mixed",NA,NA,"no_adoption","mum_alive",-0.2,NA,NA,NA,NA,NA,NA,2,2,8,"dry",6575,6400,1,150,1,0,0,0,0,25,1,0,0,0,0,0,0,0,0,3,3,363.5062781,466942.4378,223.4456229,50.85,0,0,11.01,"< 5%","7-Oct-2017","30-Sep-2020",1089,"ES1388",50.85,"I568","I434","I434"
"35","I567","2014-11-27","B6240","intest_biomes","social_dyn","I","F","2010-03-01",1732,"sampled_as_adult",NA,NA,NA,NA,NA,NA,NA,NA,NA,NA,NA,NA,NA,-0.05,2,2,11,"wet",2900,25,1,0,0,2875,1,0,0,0,0,0,0,0,0,0,0,0,0,2,2,64.18497779,280619.6035,118.1506385,22.711,0,0,3.97,"< 5%","16-Apr-2020","17-Dec-2020",245,"ES1961",22.71,"I568","I434","I434"
"36","I570","2010-12-21","B1733","intest_biomes","social_dyn_adoptions","I","F","2010-04-04",261,"sampled_as_juvenile","singlt",NA,NA,NA,NA,"no_adoption","mum_alive",-0.79,NA,NA,NA,NA,NA,NA,1,1,12,"wet",113000,1325,1,4100,1,107450,1,25,1,0,0,0,0,0,0,100,1,0,0,5,5,318.0383243,32425.93689,12.33063137,29.851,0,0,6.813,"< 5%","10-Jul-2017","15-Dec-2020",1254,"ES1506",29.85,NA,"I405","I405"
"37","I570","2014-11-07","B6318","intest_biomes","extreme_ranks","I","F","2010-04-04",1678,"sampled_as_adult",NA,NA,NA,NA,NA,NA,NA,NA,NA,NA,NA,NA,NA,-0.91,2,2,11,"wet",25,0,0,0,0,25,1,0,0,0,0,0,0,0,0,0,0,0,0,1,1,13.87130852,52917.5862,18.47330435,26.755,0,0,5.719,"< 5%","22-Jan-2021","27-Jan-2021",5,"ES1934",26.76,NA,"I405","I405"
"38","I580","2010-11-17","B1303","intest_biomes","twins","I","M","2010-06-30",140,"sampled_as_juvenile","twin","twin_sub","MM","2010-10-07",NA,"no_adoption","mum_alive",0.44,NA,NA,NA,NA,NA,NA,2,2,11,"wet",575,550,1,0,0,0,0,0,1,0,0,0,0,0,0,25,1,0,0,3,3,88.95265319,64575.16317,43.56999373,46.701,0,0,1.467,"5 - 10%","16-Apr-2020","16-Dec-2020",244,"ES1463",46.7,"I581","I425","I425"
"39","I581","2010-09-13","B841","intest_biomes","twins","I","M","2010-06-30",75,"sampled_as_juvenile","twin","twin_dom","MM","2010-10-07",NA,"no_adoption","mum_alive",0.45,NA,NA,NA,NA,NA,NA,2,2,9,"dry",7025,7025,1,0,0,0,0,0,0,0,0,0,0,0,0,0,0,0,0,1,1,193.0556393,1205857.655,21121.39451,22.425,0,0,14.89,"< 5%","16-Apr-2020","16-Dec-2020",244,"ES1415",22.43,"I580","I425","I425"
"40","I581","2010-10-23","B1079","intest_biomes","twins","I","M","2010-06-30",115,"sampled_as_juvenile","twin","twin_dom","MM","2010-10-07",NA,"no_adoption","mum_alive",0.44,NA,NA,NA,NA,NA,NA,2,2,10,"dry",13650,9075,1,4425,1,0,0,0,0,25,1,0,0,0,0,0,0,125,1,4,3,99.69527905,41748.24164,86.51684556,1987.129,0,0,19.12,"< 5%","24-Jun-2017","7-Oct-2020",1201,"ES1444",1987.13,"I580","I425","I425"
"41","I591","2011-01-27","B1830","intest_biomes","social_dyn","I","F","2010-10-07",112,"sampled_as_juvenile","twin","twin_sub","FF",NA,NA,"no_adoption","mum_alive",0.69,NA,NA,NA,NA,NA,NA,1,1,1,"wet",5050,4750,1,0,0,0,0,0,0,0,0,0,0,0,0,300,1,0,0,2,2,185.6776738,3678063.659,112.3120556,1290.404,0,0,7.919,"< 5%","16-Apr-2020","16-Dec-2020",244,"ES1525",1290.4,"I590","I314","I314"
"42","I591","2013-12-01","B4621","intest_biomes","social_dyn","I","F","2010-10-07",1151,"sampled_as_adult",NA,NA,NA,NA,NA,NA,NA,NA,NA,NA,NA,NA,NA,0.95,2,2,12,"wet",0,0,0,0,0,0,0,0,0,0,0,0,0,0,0,0,0,0,0,0,0,98.81273758,772.3634033,25.60186147,28.848,0,0,5.021,"< 5%","6-Oct-2017","7-Oct-2020",1097,"ES1880",28.85,"I590","I314","I314"
"43","I600","2011-06-02","B2536","intest_biomes","twins","I","M","2011-02-19",103,"sampled_as_juvenile","twin","twin_sub","mixed",NA,NA,"no_adoption","mum_alive",-0.85,NA,NA,NA,NA,NA,NA,1,1,6,"dry",12200,25,1,6350,1,5800,1,0,1,0,0,0,0,0,0,0,0,25,1,5,4,104.8460568,11400.30305,8.168360112,227.66,0,0,8.134,"5 - 10%","19-Jul-2017","27-Jan-2021",1288,"ES1623",227.66,"I602","I278","I278"
"44","I602","2011-06-02","B2530","intest_biomes","twins","I","F","2011-02-19",103,"sampled_as_juvenile","twin","twin_dom","mixed",NA,NA,"no_adoption","mum_alive",-0.85,NA,NA,NA,NA,NA,NA,1,1,6,"dry",1675,775,1,875,1,25,1,0,0,0,0,0,0,0,0,0,0,0,0,3,3,161.9416027,642869.0649,571.2585634,100.529,0,0,4.6,"< 5%","16-Apr-2020","16-Dec-2020",244,"ES1622",100.53,"I600","I278","I278"
"45","I604","2017-03-01","B8996","intest_biomes","extreme_ranks","I","F","2011-03-04",2189,"sampled_as_adult",NA,NA,NA,NA,NA,NA,NA,NA,NA,NA,NA,NA,NA,1,NA,2,3,"wet",2175,50,1,0,0,2075,1,0,0,0,0,50,1,0,0,0,0,0,0,3,3,43.4115316,149590.3793,117.6659956,67.49,0,0,16.97,"< 5%","24-Feb-2020","16-Dec-2020",296,"ES2619",67.49,"I605","I474","I474"
"46","I605","2017-11-29","B9837","intest_biomes","extreme_ranks","I","F","2011-03-04",2462,"sampled_as_adult",NA,NA,NA,NA,NA,NA,NA,NA,NA,NA,NA,NA,NA,0.57,NA,2,11,"wet",13975,0,0,175,1,13800,1,0,0,0,0,0,0,0,0,0,0,0,0,2,2,45.56852218,177130.2702,4031.504308,49.568,0,0,4.241,"< 5%","22-Jan-2021","27-Jan-2021",5,"ES2828",49.57,"I604","I474","I474"
"47","I617","2013-11-26","B4604","intest_biomes","social_dyn","I","F","2011-07-08",872,"sampled_as_adult",NA,NA,NA,NA,NA,NA,NA,NA,NA,NA,NA,NA,NA,-0.05,2,2,11,"wet",375,100,1,0,0,275,1,0,0,0,0,0,0,0,0,0,0,0,0,2,2,40.79609167,421794.4396,3616.3992,25.653,0,0,3.334,"< 5%","16-Apr-2020","17-Dec-2020",245,"ES1876",25.65,"I618","I363","I363"
"48","I618","2011-11-11","B2926","intest_biomes","twins","I","F","2011-07-08",126,"sampled_as_juvenile","twin","twin_dom","FF",NA,NA,"no_adoption","mum_alive",-0.07,NA,NA,NA,NA,NA,NA,2,2,11,"wet",27675,7450,1,20200,1,0,0,0,0,0,0,25,1,0,0,0,0,0,0,3,3,175.2139808,414831.6501,3.361194949,87.886,0,0,18.63,"5 - 10%","16-Apr-2020","16-Dec-2020",244,"ES1675",87.89,"I617","I363","I363"
"49","I680","2017-11-29","B9758","intest_biomes","extreme_ranks","I","F","2013-06-21",1622,"sampled_as_adult",NA,NA,NA,NA,NA,NA,NA,NA,NA,NA,NA,NA,NA,0.78,NA,2,11,"wet",75,0,0,0,0,75,1,0,0,0,0,0,0,0,0,0,0,0,0,1,1,20.95075406,144240.9382,31.28444083,28.98,0,0,5.248,"< 5%","24-Feb-2020","16-Dec-2020",296,"ES2809",28.98,"I681","I484","I484+I542"
"50","I687","2013-11-08","B4368","intest_biomes","twins","I","F","2013-07-17",114,"sampled_as_juvenile","twin","twin_sub","mixed","2013-10-19",NA,"no_adoption","mum_alive",-0.16,NA,NA,NA,NA,NA,NA,2,2,11,"wet",14475,14300,1,175,1,0,0,0,0,0,0,0,0,0,0,0,0,0,0,2,2,254.9850265,1811083.431,629.3739403,76.615,0,0,5.639,"< 5%","16-Apr-2020","17-Dec-2020",245,"ES1839",76.62,"I688","I482","I482"
"51","I688","2013-11-08","B4372","intest_biomes","twins","I","M","2013-07-17",114,"sampled_as_juvenile","twin","twin_dom","mixed","2013-10-19",NA,"no_adoption","mum_alive",-0.16,NA,NA,NA,NA,NA,NA,2,2,11,"wet",24250,24075,1,0,0,0,0,0,0,0,0,0,0,0,0,0,0,175,1,2,1,146.7364551,771926.8842,112302.5353,54.196,0,0,8.013,"< 5%","16-Apr-2020","30-Sep-2020",167,"ES1840",54.2,"I687","I482","I482"
"52","I691","2013-11-06","B4360","intest_biomes","twins","I","F","2013-08-14",84,"sampled_as_juvenile","twin","twin_sub","FF","2013-11-13",NA,"no_adoption","mum_alive",-0.56,NA,NA,NA,NA,NA,NA,2,2,11,"wet",NA,NA,NA,NA,NA,NA,NA,NA,NA,NA,NA,NA,NA,NA,NA,NA,NA,NA,NA,NA,NA,NA,NA,NA,NA,NA,NA,NA,NA,NA,NA,NA,NA,NA,"I689","I459","I459"
"53","I692","2013-11-01","B4420","intest_biomes","social_dyn_twins","I","F","2013-08-20",73,"sampled_as_juvenile","twin","twin_dom","FF","2013-11-12",NA,"no_adoption","mum_alive",0.6,NA,NA,NA,NA,NA,NA,2,2,11,"wet",NA,NA,NA,NA,NA,NA,NA,NA,NA,NA,NA,NA,NA,NA,NA,NA,NA,NA,NA,NA,NA,NA,NA,NA,NA,NA,NA,NA,NA,NA,NA,NA,"ES1861",NA,"I693","I476","I476"
"54","I692","2017-03-01","B8988","intest_biomes","social_dyn_twins","I","F","2013-08-20",1289,"sampled_as_adult",NA,NA,NA,NA,NA,NA,NA,NA,NA,NA,NA,NA,NA,0.79,NA,2,3,"wet",75,75,1,0,0,0,0,0,0,0,0,0,0,0,0,0,0,0,0,1,1,27.49539692,129921.3773,21.02539019,46.68,0,0,5.702,"< 5%","16-Apr-2020","17-Dec-2020",245,"ES2617",46.68,"I693","I476","I476"
"55","I694","2014-03-22","B4988","intest_biomes","social_dyn","I","F","2013-09-24",179,"sampled_as_juvenile","twin","twin_sub","FF","2014-03-11","2017-02-20","no_adoption","mum_alive",-0.17,NA,NA,NA,NA,NA,NA,1,1,3,"wet",6275,325,1,100,1,5775,1,25,1,0,0,0,0,0,0,50,1,0,0,5,5,101.3068489,828222.9409,4222.337565,34.455,0,0,6.051,"< 5%","16-Apr-2020","9-Feb-2021",299,"ES1903",34.46,"I695","I434","I434"
"56","I694","2017-11-17","B9730","intest_biomes","social_dyn","I","F","2013-09-24",1515,"sampled_as_adult",NA,NA,NA,NA,NA,NA,NA,NA,NA,NA,NA,NA,NA,-0.3,NA,2,11,"wet",6200,25,1,25,1,6150,1,0,0,0,0,0,0,0,0,0,0,0,0,3,3,78.19184516,35929.68892,113.8343668,50.44,0,0,3.519,"< 5%","16-Apr-2020","17-Dec-2020",245,"ES2803",50.44,"I695","I434","I434"
"57","I704","2014-07-12","B5080","intest_biomes","twins","I","M","2014-02-05",157,"sampled_as_juvenile","twin","twin_sub","MM",NA,NA,"no_adoption","mum_alive",-0.23,NA,NA,NA,NA,NA,NA,1,1,7,"dry",225,200,1,25,1,0,0,0,0,0,0,0,0,0,0,0,0,0,0,2,2,139.7008673,1068589.459,1981.085784,23.355,0,0,7.319,"< 5%","16-Apr-2020","17-Dec-2020",245,"ES1930",23.36,"I707","I497","I497"
"58","I705","2015-01-30","B6437","intest_biomes","social_dyn","I","F","2014-05-01",274,"sampled_as_juvenile","singlt",NA,NA,NA,NA,"no_adoption","mum_alive",0.38,NA,NA,NA,NA,NA,NA,1,1,1,"wet",1250,725,1,0,0,475,1,0,0,0,0,0,0,0,0,50,1,0,0,3,3,84.86594427,351739.1197,6985.393774,26.77,0,0,6.502,"< 5%","16-Apr-2020","17-Dec-2020",245,"ES2029",26.77,NA,"I545","I545"
"59","I707","2014-07-12","B5084","intest_biomes","twins","I","M","2014-02-05",157,"sampled_as_juvenile","twin","twin_dom","MM",NA,NA,"no_adoption","mum_alive",-0.23,NA,NA,NA,NA,NA,NA,1,1,7,"dry",400,275,1,25,1,0,0,0,0,0,0,0,0,0,0,100,1,0,0,3,3,75.55300548,277866.8749,777.1806026,27.935,0,0,13.89,"< 5%","4-Nov-2020","9-Feb-2021",97,"ES1931",27.94,"I704","I497","I497"
"60","I711","2014-06-12","B5035","intest_biomes","twins","I","F","2014-02-09",123,"sampled_as_juvenile","twin","twin_dom","FF",NA,NA,"no_adoption","mum_alive",-0.8,NA,NA,NA,NA,NA,NA,1,1,6,"dry",NA,NA,NA,NA,NA,NA,NA,NA,NA,NA,NA,NA,NA,NA,NA,NA,NA,NA,NA,NA,NA,85.64816643,1176521.249,25103.42584,36.045,0,0,3.652,"< 5%","16-Apr-2020","17-Dec-2020",245,"ES1918",36.05,"I712","I491","I491"
"61","I712","2014-06-10","B5039","intest_biomes","twins","I","F","2014-02-09",121,"sampled_as_juvenile","twin","twin_sub","FF",NA,NA,"no_adoption","mum_alive",-0.8,NA,NA,NA,NA,NA,NA,1,1,6,"dry",NA,NA,NA,NA,NA,NA,NA,NA,NA,NA,NA,NA,NA,NA,NA,NA,NA,NA,NA,NA,NA,NA,NA,NA,NA,NA,NA,NA,NA,NA,NA,NA,NA,NA,"I711","I491","I491"
"62","I723","2015-01-02","B6279","intest_biomes","social_dyn","I","F","2014-04-12",265,"sampled_as_juvenile","singlt",NA,NA,NA,NA,"no_adoption","mum_alive",0.59,NA,NA,NA,NA,NA,NA,1,1,1,"wet",5200,600,1,25,1,4525,1,25,1,0,0,0,0,0,0,25,1,0,0,5,5,55.75223648,968972.8067,97335.63027,31.26,0,0,13.37,"5 - 10%","8-Feb-2021","9-Feb-2021",1,"ES2011",31.26,NA,"I453","I453"
"63","I723","2017-02-19","B8929","intest_biomes","social_dyn_extreme_ranks","I","F","2014-04-12",1044,"sampled_as_adult",NA,NA,NA,NA,NA,NA,NA,NA,NA,NA,NA,NA,NA,0.61,NA,2,2,"wet",18525,50,1,0,0,18475,1,0,0,0,0,0,0,0,0,0,0,0,0,2,2,38.12450926,95650.63204,527.3096624,44.619,0,0,3.183,"< 5%","22-Jan-2021","27-Jan-2021",5,"ES2607",44.62,NA,"I453","I453"
"64","I759","2015-11-13","B7274","intest_biomes","twins","I","M","2015-07-04",132,"sampled_as_juvenile","twin","twin_sub","MM",NA,NA,"no_adoption","mum_alive",0.83,NA,NA,NA,NA,NA,NA,2,2,11,"wet",NA,NA,NA,NA,NA,NA,NA,NA,NA,NA,NA,NA,NA,NA,NA,NA,NA,NA,NA,NA,NA,NA,NA,NA,NA,NA,NA,NA,NA,NA,NA,NA,NA,NA,"I758","I619","I619"
"65","I814","2017-07-13","B9185","intest_biomes","twins","I","F","2017-01-09",185,"sampled_as_juvenile","twin","twin_dom","FF","2017-06-24","2017-08-01","no_adoption","mum_alive",-0.22,NA,NA,NA,NA,NA,NA,NA,2,7,"dry",84800,4350,1,100,1,78650,1,0,0,25,1,0,0,1500,1,175,1,0,0,6,6,281.940784,441519.0308,15589.61344,42.167,0,0,7.701,"< 5%","22-Jan-2021","28-Jan-2021",6,"ES2673",42.17,"I815","I434","I434"
"66","I815","2017-07-05","B9123","intest_biomes","twins","I","F","2017-01-09",177,"sampled_as_juvenile","twin","twin_sub","FF","2017-06-24","2017-08-01","no_adoption","mum_alive",-0.22,NA,NA,NA,NA,NA,NA,NA,1,7,"dry",23025,1650,1,125,1,21250,1,0,0,0,0,0,0,0,0,0,0,0,0,3,3,215.561911,215771.6038,320.4577865,69.51,2.605024,1,9.473,"< 5%","16-Apr-2020","17-Dec-2020",245,"ES2653",69.51,"I814","I434","I434"
"67","I823","2017-05-22","B9034","intest_biomes","twins","I","F","2017-01-13",129,"sampled_as_juvenile","twin","twin_sub","FF","2017-06-25",NA,"no_adoption","mum_alive",0.61,NA,NA,NA,NA,NA,NA,NA,2,5,"dry",17675,4000,1,50,1,13625,1,0,0,0,0,0,0,0,0,0,0,0,0,3,3,142.1745853,593742.8774,356.2118751,NA,0,0,5.216,"< 5%","16-Apr-2020","17-Dec-2020",245,"ES2613",NA,"I824","I574","I574"
"68","I823","2017-07-09","B9157","intest_biomes","twins","I","F","2017-01-13",177,"sampled_as_juvenile","twin","twin_sub","FF","2017-06-25",NA,"no_adoption","mum_alive",0.67,NA,NA,NA,NA,NA,NA,NA,2,7,"dry",39825,4175,1,10325,1,25200,1,0,0,0,0,0,0,0,0,125,1,0,0,4,4,193.5064905,463918.9436,186.1263788,91.847,1.248,1,9.885,"< 5%","16-Apr-2020","17-Dec-2020",245,"ES2668",91.85,"I824","I574","I574"
"69","I824","2017-03-28","B9030","intest_biomes","twins","I","F","2017-01-13",74,"sampled_as_juvenile","twin","twin_dom","FF","2017-06-25",NA,"no_adoption","mum_alive",0.58,NA,NA,NA,NA,NA,NA,NA,1,3,"wet",4625,4600,1,25,1,0,0,0,0,0,0,0,0,0,0,0,0,0,0,2,2,117.6749794,610911.4058,16.92555934,30.866,0,0,15.88,"5 - 10%","16-Apr-2020","17-Dec-2020",245,"ES2612",30.87,"I823","I574","I574"
"70","I824","2017-07-09","B9161","intest_biomes","twins","I","F","2017-01-13",177,"sampled_as_juvenile","twin","twin_dom","FF","2017-06-25",NA,"no_adoption","mum_alive",0.67,NA,NA,NA,NA,NA,NA,NA,2,7,"dry",150,150,1,0,0,0,0,0,0,0,0,0,0,0,0,0,0,0,0,1,1,97.36186395,415295.6786,2134.816896,52.27,NA,NA,3.925,"< 5%","18-Mar-2021","23-Mar-2021",5,"ES2669",52.27,"I823","I574","I574"
"71","M148","2006-01-31","X5461","intest_biomes","adoptions","M","F","1990-05-19",5736,"sampled_as_adult",NA,NA,NA,NA,NA,NA,NA,NA,NA,NA,NA,NA,NA,-0.93,2,2,1,"wet",NA,NA,NA,NA,NA,NA,NA,NA,NA,NA,NA,NA,NA,NA,NA,NA,NA,NA,NA,NA,NA,41.87386163,93579.64619,2.07046244,63.24,0,0,30.92,"< 5%","24-Feb-2020","16-Dec-2020",296,"ES706",63.24,NA,"M025","M025"
"72","M297","2008-09-01","X7127","intest_biomes","adoptions","M","F","1997-03-08",4195,"sampled_as_adult",NA,NA,NA,NA,NA,NA,NA,NA,NA,NA,NA,NA,NA,-0.78,2,2,9,"dry",NA,NA,NA,NA,NA,NA,NA,NA,NA,NA,NA,NA,NA,NA,NA,NA,NA,NA,NA,NA,NA,85.70892959,168444.3005,164.2640767,48.673,0,0,2.225,"5 - 10%","24-Feb-2020","27-Jan-2021",338,"ES991",48.67,"M298","M147","M147"
"73","M326","2009-01-30","X7622","intest_biomes","adoptions","M","F","1998-03-01",3988,"sampled_as_adult",NA,NA,NA,NA,NA,NA,NA,NA,NA,NA,NA,NA,NA,-0.56,1,1,1,"wet",NA,NA,NA,NA,NA,NA,NA,NA,NA,NA,NA,NA,NA,NA,NA,NA,NA,NA,NA,NA,NA,31.88388764,253331.9583,7.19107428,20.288,0,0,1.108,"< 5%","8-Feb-2021","9-Feb-2021",1,"ES1076",20.29,NA,"M029","M029"
"74","M326","2010-11-02","B1162","intest_biomes","adoptions","M","F","1998-03-01",4629,"sampled_as_adult",NA,NA,NA,NA,NA,NA,NA,NA,NA,NA,NA,NA,NA,-0.29,2,2,11,"wet",175,0,0,0,0,175,1,0,0,0,0,0,0,0,0,0,0,0,0,1,1,77.73640743,1150.453878,0,15.23,0,0,6.335,"< 5%","24-Oct-2017","30-Sep-2020",1072,"ES1451",15.23,NA,"M029","M029"
"75","M410","2009-02-27","X7935","intest_biomes","social_dyn_extreme_ranks","M","F","2000-09-01",3101,"sampled_as_adult",NA,NA,NA,NA,NA,NA,NA,NA,NA,NA,NA,NA,NA,-0.78,1,1,2,"wet",NA,NA,NA,NA,NA,NA,NA,NA,NA,NA,NA,NA,NA,NA,NA,NA,NA,NA,NA,NA,NA,31.60365325,284951.2627,18.30545145,55.328,0,0,12.74,"< 5%","22-Jan-2021","27-Jan-2021",5,"ES1095",55.33,NA,"M135","M135"
"76","M421","2009-06-11","X8286","intest_biomes","adoptions","M","F","2001-07-26",2877,"sampled_as_adult",NA,NA,NA,NA,NA,NA,NA,NA,NA,NA,NA,NA,NA,0.89,3,3,6,"dry",NA,NA,NA,NA,NA,NA,NA,NA,NA,NA,NA,NA,NA,NA,NA,NA,NA,NA,NA,NA,NA,54.73775696,28312.2487,47.23657021,58.884,0,0,5.559,"5 - 10%","24-Feb-2020","27-Jan-2021",338,"ES1125",58.88,NA,"M269","M269"
"77","M438","2008-08-19","X7063","intest_biomes","adoptions","M","F","2002-01-30",2393,"sampled_as_adult",NA,NA,NA,NA,NA,NA,NA,NA,NA,NA,NA,NA,NA,0.17,2,2,8,"dry",NA,NA,NA,NA,NA,NA,NA,NA,NA,NA,NA,NA,NA,NA,NA,NA,NA,NA,NA,NA,NA,30.53865904,49064.33895,3.725239965,47.02,0,0,1.724,"5 - 10%","22-Jan-2021","27-Jan-2021",5,"ES976",47.02,"M433","M095","M095+M103"
"78","M477","2007-11-14","X6621","intest_biomes","adoptions","M","F","2003-07-26",1572,"sampled_as_adult",NA,NA,NA,NA,NA,NA,NA,NA,NA,NA,NA,NA,NA,0.94,2,2,11,"wet",NA,NA,NA,NA,NA,NA,NA,NA,NA,NA,NA,NA,NA,NA,NA,NA,NA,NA,NA,NA,NA,30.26269166,96000.35585,87.57961643,55,0,NA,4.19,"5 - 10%","24-Feb-2020","27-Jan-2021",338,"ES885",55,NA,"M269","M269"
"79","M491","2005-12-28","X4350","intest_biomes","adoptions","M","M","2004-01-04",724,"sampled_as_juvenile",NA,NA,"MM",NA,NA,"adoption","mum_dead",NA,"surrogate_mum1_alive",-0.93,NA,NA,"2004-02-16",NA,3,3,12,"wet",NA,NA,NA,NA,NA,NA,NA,NA,NA,NA,NA,NA,NA,NA,NA,NA,NA,NA,NA,NA,NA,323.348751,244794.3422,437.9671652,20.635,0,0,15.07,"< 5%","8-Feb-2021","9-Feb-2021",1,"ES673",20.64,"M483","M103","M148"
"80","M532","2006-02-06","X5506","intest_biomes","social_dyn","M","F","2005-08-31",159,"sampled_as_juvenile","twin","twin_sub","FF",NA,NA,"no_adoption","mum_alive",0.43,NA,NA,NA,NA,NA,NA,2,2,2,"wet",NA,NA,NA,NA,NA,NA,NA,NA,NA,NA,NA,NA,NA,NA,NA,NA,NA,NA,NA,NA,NA,84.93863469,365227.6063,5333.585636,26.566,0,0,10.51,"< 5%","16-Apr-2020","22-Mar-2021",340,"ES713",26.57,"M531","M393","M393"
"81","M532","2015-06-03","B6728","intest_biomes","social_dyn","M","F","2005-08-31",3563,"sampled_as_adult",NA,NA,NA,NA,NA,NA,NA,NA,NA,NA,NA,NA,NA,0.55,1,1,6,"dry",17925,100,1,300,1,17475,1,0,0,50,1,0,0,0,0,0,0,0,0,4,4,93.01511782,159931.6528,33.56395008,89.941,0,0,2.646,"< 5%","16-Apr-2020","17-Dec-2020",245,"ES2110",89.94,"M531","M393","M393"
"82","M550","2007-09-15","X6423","intest_biomes","social_dyn_twins","M","F","2006-06-14",458,"sampled_as_juvenile","twin","twin_dom","mixed","2007-02-21",NA,"no_adoption","mum_alive",-0.5,NA,NA,NA,NA,NA,NA,2,2,9,"dry",NA,NA,NA,NA,NA,NA,NA,NA,NA,NA,NA,NA,NA,NA,NA,NA,NA,NA,NA,NA,NA,79.12843267,40006.34771,524.6805846,48.965,0,0,1.007,"< 5%","16-Apr-2020","16-Dec-2020",244,"ES834",48.97,"M551","M344","M344"
"83","M551","2007-09-15","X6425","intest_biomes","twins","M","M","2006-06-14",458,"sampled_as_juvenile","twin","twin_sub","mixed","2007-02-21",NA,"no_adoption","mum_alive",-0.5,NA,NA,NA,NA,NA,NA,2,2,9,"dry",NA,NA,NA,NA,NA,NA,NA,NA,NA,NA,NA,NA,NA,NA,NA,NA,NA,NA,NA,NA,NA,80.77649082,68080.94518,481.1549472,27.779,0,0,6.333,"< 5%","16-Apr-2020","23-Mar-2021",341,"ES835",27.78,"M550","M344","M344"
"84","M565","2016-09-09","B8154","intest_biomes","extreme_ranks","M","F","2006-10-14",3618,"sampled_as_adult",NA,NA,NA,NA,NA,NA,NA,NA,NA,NA,NA,NA,NA,-1,2,2,9,"dry",0,0,0,0,0,0,0,0,0,0,0,0,0,0,0,0,0,0,0,0,0,20.27038883,353226.11,22.97398187,13.455,0,0,6.148,"< 5%","22-Jan-2021","27-Jan-2021",5,"ES2418",13.46,NA,"M332","M332"
"85","M567","2007-09-11","X6415","intest_biomes","twins","M","M","2007-03-15",180,"sampled_as_juvenile","twin","twin_sub","mixed","2007-10-18",NA,"no_adoption","mum_alive",-0.72,NA,NA,NA,NA,NA,NA,2,2,9,"dry",NA,NA,NA,NA,NA,NA,NA,NA,NA,NA,NA,NA,NA,NA,NA,NA,NA,NA,NA,NA,NA,124.9496811,589694.0918,569.7998245,21.19,0,0,1.086,"< 5%","3-Nov-2020","16-Dec-2020",43,"ES832",21.19,"M566","M297","M297"
"86","M567","2007-11-26","X6689","intest_biomes","twins","M","M","2007-03-15",256,"sampled_as_juvenile","twin","twin_sub","mixed","2007-10-18",NA,"no_adoption","mum_alive",-0.76,NA,NA,NA,NA,NA,NA,2,2,11,"wet",NA,NA,NA,NA,NA,NA,NA,NA,NA,NA,NA,NA,NA,NA,NA,NA,NA,NA,NA,NA,NA,83.16896083,48485.81053,180.3638637,24.696,0,0,3.837,"< 5%","3-Nov-2020","16-Dec-2020",43,"ES894",24.7,"M566","M297","M297"
"87","M577","2007-11-25","X6674","intest_biomes",NA,"M","M","2007-06-19",159,"sampled_as_juvenile","twin","twin_sub","mixed","2007-11-16",NA,"no_adoption","mum_alive",0.82,NA,NA,NA,NA,NA,NA,2,2,11,"wet",NA,NA,NA,NA,NA,NA,NA,NA,NA,NA,NA,NA,NA,NA,NA,NA,NA,NA,NA,NA,NA,212.2694486,3553732.734,1525.790986,888.571,0,NA,6.815,"< 5%","24-Feb-2020","23-Mar-2021",393,"ES890",888.57,"M576","M499","M499"
"88","M581","2008-01-31","X6824","intest_biomes","social_dyn","M","F","2007-08-29",155,"sampled_as_juvenile","singlt",NA,NA,NA,NA,"no_adoption","mum_alive",0.38,NA,NA,NA,NA,NA,NA,1,1,1,"wet",NA,NA,NA,NA,NA,NA,NA,NA,NA,NA,NA,NA,NA,NA,NA,NA,NA,NA,NA,NA,NA,111.6863492,3575288.623,800.05232,46.752,0,0,3.815,"< 5%","16-Apr-2020","22-Mar-2021",340,"ES908",46.75,NA,"M418","M418"
"89","M581","2010-07-26","B610","intest_biomes","social_dyn","M","F","2007-08-29",1062,"sampled_as_adult",NA,NA,NA,NA,NA,NA,NA,NA,NA,NA,NA,NA,NA,0.94,2,2,7,"dry",25,25,1,0,0,0,0,0,0,0,0,0,0,0,0,0,0,0,0,1,1,22.30948684,207538.3274,22.96005699,23.317,0,0,1.339,"< 5%","22-Jan-2021","27-Jan-2021",5,"ES1385",23.32,NA,"M418","M418"
"90","M583","2007-11-26","X6685","intest_biomes","adoptions","M","M","2007-09-04",83,"sampled_as_juvenile","singlt",NA,NA,NA,NA,"adoption","mum_alive",0.94,"surrogate_mum1_alive",0.88,NA,NA,"2007-09-15",NA,2,2,11,"wet",NA,NA,NA,NA,NA,NA,NA,NA,NA,NA,NA,NA,NA,NA,NA,NA,NA,NA,NA,NA,NA,547.2846023,2647529.395,1336.080731,187.154,2.313488,1,32.328,"< 5%","3-Nov-2020","22-Mar-2021",139,"ES893",187.15,NA,"M477","M421"
"91","M583","2008-02-19","X6889","intest_biomes","adoptions","M","M","2007-09-04",168,"sampled_as_juvenile","singlt",NA,NA,NA,NA,"adoption","mum_alive",0.94,"surrogate_mum1_alive",0.88,NA,NA,"2007-09-15",NA,1,1,2,"wet",NA,NA,NA,NA,NA,NA,NA,NA,NA,NA,NA,NA,NA,NA,NA,NA,NA,NA,NA,NA,NA,248.6879447,2533975.725,3290.34162,78.186,0,0,8.95,"5 - 10%","3-Nov-2020","23-Mar-2021",140,"ES924",78.19,NA,"M477","M421"
"92","M584","2008-02-20","X6894","intest_biomes","adoptions","M","M","2007-09-06",167,"sampled_as_juvenile","triplet",NA,"MM",NA,NA,"no_adoption","mum_alive",0.88,NA,NA,NA,NA,NA,NA,1,1,2,"wet",NA,NA,NA,NA,NA,NA,NA,NA,NA,NA,NA,NA,NA,NA,NA,NA,NA,NA,NA,NA,NA,214.0469367,250197.2874,904.9067308,42.32,0,NA,18.42,"5 - 10%","24-Feb-2020","9-Feb-2021",351,"ES925",42.32,"M585","M421","M421"
"93","M592","2008-07-01","X6988","intest_biomes","twins","M","M","2007-12-10",204,"sampled_as_juvenile","twin","twin_sub","MM","2008-05-27","2008-07-01","no_adoption","mum_alive",0.61,NA,NA,NA,NA,NA,NA,2,2,7,"dry",NA,NA,NA,NA,NA,NA,NA,NA,NA,NA,NA,NA,NA,NA,NA,NA,NA,NA,NA,NA,NA,156.0750603,454835.899,2714.836615,36.16,2147.8691,1,13.825,"< 5%","16-Apr-2020","23-Mar-2021",341,"ES950",36.16,"M593","M436","M436"
"94","M593","2008-07-01","X6992","intest_biomes","twins","M","M","2007-12-10",204,"sampled_as_juvenile","twin","twin_dom","MM","2008-05-27","2008-07-01","no_adoption","mum_alive",0.61,NA,NA,NA,NA,NA,NA,2,2,7,"dry",NA,NA,NA,NA,NA,NA,NA,NA,NA,NA,NA,NA,NA,NA,NA,NA,NA,NA,NA,NA,NA,266.965403,4698152.141,3098.006629,60.525,136.60424,1,11.73,"< 5%","16-Apr-2020","16-Dec-2020",244,"ES951",60.52,"M592","M436","M436"
"95","M595","2008-11-12","X7456","intest_biomes","adoptions","M","F","2008-06-02",163,"sampled_as_juvenile","singlt",NA,NA,NA,NA,"no_adoption","mum_alive",-0.5,NA,NA,NA,NA,NA,NA,3,3,11,"wet",NA,NA,NA,NA,NA,NA,NA,NA,NA,NA,NA,NA,NA,NA,NA,NA,NA,NA,NA,NA,NA,74.51198937,131914.9946,1300.305928,44.128,0,0,4.27,"< 5%","24-Feb-2020","15-Dec-2020",295,"ES1025",44.13,NA,"M517","M517"
"96","M597","2008-10-03","X7442","intest_biomes","adoptions","M","F","2008-06-24",101,"sampled_as_juvenile","twin","twin_dom","FF",NA,NA,"no_adoption","mum_alive",-0.83,NA,NA,NA,NA,NA,NA,3,3,10,"dry",NA,NA,NA,NA,NA,NA,NA,NA,NA,NA,NA,NA,NA,NA,NA,NA,NA,NA,NA,NA,NA,91.46286744,1994206.168,737.0866528,95.415,0,0,6.404,"< 5%","24-Feb-2020","22-Mar-2021",392,"ES1022",95.42,"M598","M522","M522"
"97","M597","2009-05-16","X8089","intest_biomes","adoptions","M","F","2008-06-24",326,"sampled_as_juvenile","twin","twin_dom","FF",NA,NA,"no_adoption","mum_alive",-0.78,NA,NA,NA,NA,NA,NA,3,3,5,"dry",NA,NA,NA,NA,NA,NA,NA,NA,NA,NA,NA,NA,NA,NA,NA,NA,NA,NA,NA,NA,NA,68.06972526,374874.7016,1179.794567,33.223,0,0,15.816,"< 5%","24-Feb-2020","22-Mar-2021",392,"ES1108",33.22,"M598","M522","M522"
"98","M600","2009-01-08","X7579","intest_biomes","adoptions","M","F","2008-06-18",204,"sampled_as_juvenile","twin","twin_sub","mixed",NA,NA,"no_adoption","mum_alive",0.11,NA,NA,NA,NA,NA,NA,1,1,1,"wet",NA,NA,NA,NA,NA,NA,NA,NA,NA,NA,NA,NA,NA,NA,NA,NA,NA,NA,NA,NA,NA,111.7151999,388884.3418,14.44878384,46.208,5.146869,1,8.822,"5 - 10%","24-Feb-2020","22-Mar-2021",392,"ES1064",46.21,"M601","M438","M438"
"99","M604","2008-11-14","X7466","intest_biomes","adoptions","M","F","2008-08-09",97,"sampled_as_juvenile","twin","twin_sub","FF","2008-10-10",NA,"adoption","mum_alive",-0.72,"surrogate_mum1_alive",-0.56,NA,NA,"2008-12-16",NA,3,3,11,"wet",NA,NA,NA,NA,NA,NA,NA,NA,NA,NA,NA,NA,NA,NA,NA,NA,NA,NA,NA,NA,NA,NA,NA,NA,NA,NA,NA,NA,NA,NA,NA,NA,NA,NA,"M605","M297","M326"
"100","M604","2009-03-03","X7999","intest_biomes","adoptions_twins","M","F","2008-08-09",206,"sampled_as_juvenile","twin","twin_sub","FF","2008-10-10",NA,"adoption","mum_alive",-0.67,"surrogate_mum1_alive",-0.56,NA,NA,"2008-12-16",NA,1,1,3,"wet",NA,NA,NA,NA,NA,NA,NA,NA,NA,NA,NA,NA,NA,NA,NA,NA,NA,NA,NA,NA,NA,219.6341415,8519217.47,2881.76266,98.317,0,0,10.1,"< 5%","8-Feb-2021","9-Feb-2021",1,"ES1098",98.32,"M605","M297","M326"
"101","M604","2010-11-16","B1287","intest_biomes","adoptions","M","F","2008-08-09",829,"sampled_as_adult",NA,NA,NA,NA,NA,NA,NA,NA,NA,NA,NA,NA,NA,-0.52,2,2,11,"wet",0,0,0,0,0,0,0,0,0,0,0,0,0,0,0,0,0,0,0,0,0,95.3701648,286656.7594,952.7651384,19.615,0,0,5.444,"< 5%","7-Oct-2017","30-Sep-2020",1089,"ES1477",19.62,"M605","M297","M326"
"102","M605","2008-10-03","X7448","intest_biomes","adoptions_twins","M","F","2008-08-09",55,"sampled_as_juvenile","twin","twin_dom","FF","2008-10-10",NA,"adoption","mum_alive",-0.77,"surrogate_mum1_alive",-0.6,NA,NA,"2008-12-16",NA,3,3,10,"dry",NA,NA,NA,NA,NA,NA,NA,NA,NA,NA,NA,NA,NA,NA,NA,NA,NA,NA,NA,NA,NA,103.6240404,4356111.169,35866.93778,172.06,0,0,14.05,"< 5%","24-Feb-2020","9-Feb-2021",351,"ES1023",172.06,"M604","M297","M326"
"103","M605","2009-01-08","X7573","intest_biomes","adoptions_twins","M","F","2008-08-09",152,"sampled_as_juvenile","twin","twin_dom","FF","2008-10-10",NA,"adoption","mum_alive",-0.67,"surrogate_mum1_alive",-0.56,NA,NA,"2008-12-16",NA,1,1,1,"wet",NA,NA,NA,NA,NA,NA,NA,NA,NA,NA,NA,NA,NA,NA,NA,NA,NA,NA,NA,NA,NA,154.3372008,3780555.375,185.9466601,217.939,1.386957,1,39.78,"5 - 10%","8-Feb-2021","9-Feb-2021",1,"ES1062",217.94,"M604","M297","M326"
"104","M608","2009-02-27","X7933","intest_biomes","adoptions","M","F","2008-08-28",183,"sampled_as_juvenile","twin","twin_sub","mixed",NA,NA,"no_adoption","mum_alive",-0.28,NA,NA,NA,NA,NA,NA,1,1,2,"wet",NA,NA,NA,NA,NA,NA,NA,NA,NA,NA,NA,NA,NA,NA,NA,NA,NA,NA,NA,NA,NA,142.9020892,5141858.333,4038.331683,59.405,0,0,9.654,"5 - 10%","24-Feb-2020","15-Dec-2020",295,"ES1096",72.1,"M609","M447","M447"
"105","M615","2009-02-04","X7637","intest_biomes","twins","M","F","2008-10-17",110,"sampled_as_juvenile","twin","twin_dom","mixed",NA,NA,"no_adoption","mum_alive",-0.17,NA,NA,NA,NA,NA,NA,1,1,2,"wet",NA,NA,NA,NA,NA,NA,NA,NA,NA,NA,NA,NA,NA,NA,NA,NA,NA,NA,NA,NA,NA,361.2833173,2000986.556,506.4238226,1065,26.431751,1,18.062,"< 5%","16-Apr-2020","23-Mar-2021",341,"ES1080",1065,"M617","M344","M344"
"106","M617","2009-02-04","X7642","intest_biomes","twins","M","M","2008-10-17",110,"sampled_as_juvenile","twin","twin_sub","mixed",NA,NA,"no_adoption","mum_alive",-0.17,NA,NA,NA,NA,NA,NA,1,1,2,"wet",NA,NA,NA,NA,NA,NA,NA,NA,NA,NA,NA,NA,NA,NA,NA,NA,NA,NA,NA,NA,NA,202.1170021,4051437.499,4844.262219,50.77,9.6280094,1,9.21,"5 - 10%","3-Nov-2020","16-Dec-2020",43,"ES1081",50.77,"M615","M344","M344"
"107","M633","2010-11-25","B1430","intest_biomes","social_dyn","M","F","2009-04-14",590,"sampled_as_juvenile","twin","twin_sub","FF",NA,NA,"no_adoption","mum_alive",1,NA,NA,NA,NA,NA,NA,3,3,11,"wet",450,0,0,0,0,450,1,0,0,0,0,0,0,0,0,0,0,0,0,1,1,48.34990331,56723.15271,295.633601,11.79,0,0,2.797,"< 5%","16-Apr-2020","16-Dec-2020",244,"ES1484",11.79,"M632","M418","M418"
"108","M633","2017-12-09","B9915","intest_biomes","social_dyn","M","F","2009-04-14",3161,"sampled_as_adult",NA,NA,NA,NA,NA,NA,NA,NA,NA,NA,NA,NA,NA,1,NA,1,12,"wet",125,125,1,0,0,0,0,0,0,0,0,0,0,0,0,0,0,0,0,1,1,36.72817181,25479.20158,123.2949583,168.218,0,0,3.463,"< 5%","22-Jan-2021","27-Jan-2021",5,"ES2815",168.22,"M632","M418","M418"
"109","M636","2009-11-15","X8774","intest_biomes","twins","M","M","2009-05-30",169,"sampled_as_juvenile","twin","twin_dom","MM",NA,NA,"no_adoption","mum_alive",1,NA,NA,NA,NA,NA,NA,1,1,11,"wet",NA,NA,NA,NA,NA,NA,NA,NA,NA,NA,NA,NA,NA,NA,NA,NA,NA,NA,NA,NA,NA,NA,NA,NA,NA,NA,NA,NA,NA,NA,NA,NA,NA,NA,"M637","M421","M421"
"110","M637","2009-10-16","X8661","intest_biomes","twins","M","M","2009-05-30",139,"sampled_as_juvenile","twin","twin_sub","MM",NA,NA,"no_adoption","mum_alive",0.79,NA,NA,NA,NA,NA,NA,1,1,10,"dry",NA,NA,NA,NA,NA,NA,NA,NA,NA,NA,NA,NA,NA,NA,NA,NA,NA,NA,NA,NA,NA,145.6385366,292113.1668,9.057447598,25.704,0,0,14.87,"< 5%","16-Apr-2020","16-Dec-2020",244,"ES1212",25.7,"M636","M421","M421"
"111","M639","2009-10-16","X8667","intest_biomes","twins","M","M","2009-06-05",133,"sampled_as_juvenile","twin","twin_sub","mixed",NA,NA,"no_adoption","mum_alive",0.84,NA,NA,NA,NA,NA,NA,1,1,10,"dry",NA,NA,NA,NA,NA,NA,NA,NA,NA,NA,NA,NA,NA,NA,NA,NA,NA,NA,NA,NA,NA,180.9412277,948808.4964,910.509542,98.99,0,0,8.057,"5 - 10%","16-Apr-2020","16-Dec-2020",244,"ES1214",98.99,"M638","M477","M477"
"112","M659","2010-06-26","B318","intest_biomes","twins","M","M","2010-04-03",84,"sampled_as_juvenile","twin","twin_dom","mixed",NA,NA,"no_adoption","mum_alive",0.11,NA,NA,NA,NA,NA,NA,2,2,6,"dry",1275,550,1,700,1,0,0,0,0,0,0,0,0,25,1,0,0,0,0,3,3,245.2259854,3502623.486,304.7738096,46.688,0,0,7.002,"5 - 10%","16-Apr-2020","16-Dec-2020",244,"ES1362",46.69,"M660","M273","M273"
"113","M660","2010-06-28","B340","intest_biomes","twins","M","F","2010-04-03",86,"sampled_as_juvenile","twin","twin_sub","mixed",NA,NA,"no_adoption","mum_alive",0.11,NA,NA,NA,NA,NA,NA,2,2,6,"dry",2575,575,1,250,1,1750,1,0,0,0,0,0,0,0,0,0,0,0,0,3,3,123.2366613,1818630.007,4574.933914,43.5,0,0,5.355,"< 5%","7-Oct-2017","7-Oct-2020",1096,"ES1364",43.5,"M659","M273","M273"
"114","M661","2010-08-26","B740","intest_biomes","twins","M","F","2010-05-02",116,"sampled_as_juvenile","twin","twin_dom","mixed",NA,NA,"no_adoption","mum_alive",0.54,NA,NA,NA,NA,NA,NA,2,2,8,"dry",24350,23012.5,1,375,1,550,1,0,1,0,0,0,0,412.5,1,0,0,0,0,5,5,246.3776396,117518.1951,156.3643989,61.851,0,0,3.674,"< 5%","21-Jun-2017","3-Dec-2020",1261,"ES1400",61.85,"M662","M393","M393"
"115","M662","2010-09-01","B783","intest_biomes","twins","M","M","2010-05-02",122,"sampled_as_juvenile","twin","twin_sub","mixed",NA,NA,"no_adoption","mum_alive",0.54,NA,NA,NA,NA,NA,NA,1,1,9,"dry",525,500,1,0,0,25,1,0,0,0,0,0,0,0,0,0,0,0,0,2,2,90.847412,7283.076604,52.11209268,14.74,0,0,5.845,"< 5%","21-Jun-2017","7-Oct-2020",1204,"ES1406",14.74,"M661","M393","M393"
"116","M668","2010-10-20","B1065","intest_biomes","twins","M","F","2010-06-14",128,"sampled_as_juvenile","twin","twin_sub","mixed","2010-08-20",NA,"no_adoption","mum_alive",0.35,NA,NA,NA,NA,NA,NA,2,2,10,"dry",3025,1425,1,0,0,1500,1,0,0,0,0,100,1,0,0,0,0,0,0,3,3,264.0470389,818052.1882,441.0999861,38.822,0,0,12.18,"5 - 10%","16-Apr-2020","16-Dec-2020",244,"ES1442",38.82,"M669","M508","M508"
"117","M669","2010-10-01","B923","intest_biomes","twins","M","M","2010-06-14",109,"sampled_as_juvenile","twin","twin_dom","mixed","2010-08-20",NA,"no_adoption","mum_alive",0.35,NA,NA,NA,NA,NA,NA,2,2,10,"dry",29675,8325,1,0,0,21325,1,0,1,0,0,0,0,25,1,0,0,0,0,4,4,279.0051783,106612.9644,176.5767485,62.225,0,0,14.95,"< 5%","24-Jun-2017","7-Oct-2020",1201,"ES1426",62.23,"M668","M508","M508"
"118","M701","2011-07-04","B2714","intest_biomes","twins","M","F","2011-01-10",175,"sampled_as_juvenile","twin","twin_sub","FF",NA,NA,"no_adoption","mum_alive",0.07,NA,NA,NA,NA,NA,NA,2,2,7,"dry",14273,2923,1,0,0,11225,1,50,1,50,1,0,0,0,0,25,1,0,0,5,5,134.5409164,75007.34856,37.14522463,57.47,0,0,5.395,"< 5%","19-Jul-2017","27-Jan-2021",1288,"ES1641",57.47,"M702","M344","M344"
"119","M701","2011-09-19","B2867","intest_biomes","social_dyn","M","F","2011-01-10",252,"sampled_as_juvenile","twin","twin_sub","FF",NA,NA,"no_adoption","mum_alive",0.13,NA,NA,NA,NA,NA,NA,2,2,9,"dry",250,0,0,125,1,125,1,0,1,0,0,0,0,0,0,0,0,0,0,3,3,50.43767577,317535.1738,3324.086736,52.762,0,0,12.81,"< 5%","16-Apr-2020","16-Dec-2020",244,"ES1666",52.76,"M702","M344","M344"
"120","M701","2014-11-24","B6149","intest_biomes","social_dyn","M","F","2011-01-10",1414,"sampled_as_adult",NA,NA,NA,NA,NA,NA,NA,NA,NA,NA,NA,NA,NA,-0.09,2,2,11,"wet",375,0,0,0,0,350,1,0,0,25,1,0,0,0,0,0,0,0,0,2,2,72.78007873,83759.39099,445.0625128,47.79,0,0,9.779,"< 5%","8-Feb-2021","9-Feb-2021",1,"ES1975",47.79,"M702","M344","M344"
"121","M702","2011-07-04","B2703","intest_biomes","twins","M","F","2011-01-10",175,"sampled_as_juvenile","twin","twin_dom","FF",NA,NA,"no_adoption","mum_alive",0.07,NA,NA,NA,NA,NA,NA,2,2,7,"dry",1300,50,1,50,1,1175,1,0,0,0,0,0,0,0,0,0,0,25,1,4,3,113.8389463,51877.60908,37.07124889,82.49,0,0,5.149,"5 - 10%","19-Jul-2017","27-Jan-2021",1288,"ES1639",82.49,"M701","M344","M344"
"122","M706","2011-10-28","B2905","intest_biomes","social_dyn","M","F","2011-02-18",252,"sampled_as_juvenile","singlt",NA,NA,NA,NA,"no_adoption","mum_alive",0.79,NA,NA,NA,NA,NA,NA,2,2,10,"dry",1725,25,1,0,0,1650,1,0,0,0,0,25,1,0,0,25,1,0,0,4,4,70.65850447,85695.2299,652.0927198,12.755,0,0,7.331,"< 5%","16-Apr-2020","16-Dec-2020",244,"ES1671",12.76,NA,"M503","M503"
"123","M706","2015-10-29","B7187","intest_biomes","social_dyn","M","F","2011-02-18",1714,"sampled_as_adult",NA,NA,NA,NA,NA,NA,NA,NA,NA,NA,NA,NA,NA,0.71,2,2,10,"dry",150,0,0,0,0,125,1,0,0,0,0,0,0,0,0,0,0,25,1,2,1,66.87620569,100485.6642,16.44311443,25.595,0,0,3.709,"5 - 10%","7-Oct-2017","14-Dec-2020",1164,"ES2228",25.6,NA,"M503","M503"
"124","M740","2012-11-30","B3543","intest_biomes","twins","M","M","2012-06-28",155,"sampled_as_juvenile","twin","twin_dom","mixed",NA,NA,"no_adoption","mum_alive",0.23,NA,NA,NA,NA,NA,NA,2,2,11,"wet",300,175,1,50,1,0,0,0,0,0,0,50,1,0,0,25,1,0,0,4,4,206.626625,873580.1201,10369.62127,44.87,845.7833,1,13.94,"< 5%","16-Apr-2020","15-Dec-2020",243,"ES1785",44.87,"M746","M396","M396"
"125","M744","2017-12-01","B9861","intest_biomes","extreme_ranks","M","F","2012-06-20",1990,"sampled_as_adult",NA,NA,NA,NA,NA,NA,NA,NA,NA,NA,NA,NA,NA,-0.45,NA,1,12,"wet",125,25,1,0,0,100,1,0,0,0,0,0,0,0,0,0,0,0,0,2,2,23.57881561,125092.1618,13.80508038,28.883,0,0,0.8301,"< 5%","24-Feb-2020","16-Dec-2020",296,"ES2834",28.88,"M736","M604","M604"
"126","M746","2012-11-30","B3538","intest_biomes","twins","M","F","2012-06-28",155,"sampled_as_juvenile","twin","twin_sub","mixed",NA,NA,"no_adoption","mum_alive",0.23,NA,NA,NA,NA,NA,NA,2,2,11,"wet",275,0,0,225,1,0,0,0,0,0,0,0,0,0,0,50,2,0,0,2,2,104.3713063,502315.8725,6189.47696,14.125,4279.0106,1,7.886,"5 - 10%","16-Apr-2020","16-Dec-2020",244,"ES1784",14.13,"M740","M396","M396"
"127","M769","2013-10-24","B4345","intest_biomes","twins","M","M","2013-05-14",163,"sampled_as_juvenile","twin","twin_dom","mixed",NA,NA,"no_adoption","mum_alive",-0.24,NA,NA,NA,NA,NA,NA,2,2,10,"dry",NA,NA,NA,NA,NA,NA,NA,NA,NA,NA,NA,NA,NA,NA,NA,NA,NA,NA,NA,NA,NA,NA,NA,NA,NA,NA,NA,NA,NA,NA,NA,NA,NA,NA,"M770","M550","M550"
"128","M784","2014-06-10","B5027","intest_biomes","social_dyn","M","F","2013-09-25",258,"sampled_as_juvenile","singlt",NA,NA,NA,NA,"no_adoption","mum_alive",0.71,NA,NA,NA,NA,NA,NA,2,2,6,"dry",900,650,1,650,1,0,0,50,1,0,0,0,0,0,0,50,1,0,0,4,4,172.7632243,898389.3263,4427.131828,21.99,0,0,3.92,"< 5%","16-Apr-2020","17-Dec-2020",245,"ES1916",21.99,NA,"M706","M706"
"129","M784","2016-09-09","B8149","intest_biomes","social_dyn","M","F","2013-09-25",1080,"sampled_as_adult",NA,NA,NA,NA,NA,NA,NA,NA,NA,NA,NA,NA,NA,0.59,2,2,9,"dry",0,0,0,0,0,0,0,0,0,0,0,0,0,0,0,0,0,0,0,0,0,27.13256894,256237.6738,14.57649567,28.505,0,0,1.277,"< 5%","16-Apr-2020","17-Dec-2020",245,"ES2417",28.51,NA,"M706","M706"
"130","M787","2014-11-29","B6255","intest_biomes","social_dyn","M","F","2013-10-27",398,"sampled_as_juvenile","twin","twin_sub","FF",NA,NA,"no_adoption","mum_alive",0.49,NA,NA,NA,NA,NA,NA,2,2,11,"wet",43000,1150,1,1000,1,39275,1,0,0,0,0,25,1,0,0,1550,1,0,0,5,5,135.0033311,644483.6432,33.16757707,40.551,0,0,10.9,"< 5%","16-Apr-2020","17-Dec-2020",245,"ES1966",40.55,"M788","M532","M532"
"131","M787","2015-11-02","B7214","intest_biomes","social_dyn","M","F","2013-10-27",736,"sampled_as_adult",NA,NA,NA,NA,NA,NA,NA,NA,NA,NA,NA,NA,NA,0.35,3,3,11,"wet",475,0,0,0,0,400,1,0,0,0,0,0,0,0,0,75,1,0,0,2,2,67.70082937,23515.37512,15.80743731,14.673,0,0,16.94,"< 5%","7-Oct-2017","14-Dec-2020",1164,"ES2233",14.67,"M788","M532","M532"
"132","M791","2017-11-28","B9823","intest_biomes","social_dyn_extreme_ranks","M","F","2013-11-17",1472,"sampled_as_adult",NA,NA,NA,NA,NA,NA,NA,NA,NA,NA,NA,NA,NA,0.86,NA,1,11,"wet",900,100,1,775,1,0,0,0,0,0,0,0,0,0,0,25,1,0,0,3,3,45.80945268,120845.561,43.70784122,45.985,0,0,2.904,"< 5%","24-Feb-2020","16-Dec-2020",296,"ES2825",45.99,NA,"M633","M633"
"133","M813","2015-02-16","B6506","intest_biomes","twins","M","F","2014-09-29",140,"sampled_as_juvenile","twin","twin_dom","FF",NA,NA,"no_adoption","mum_alive",-0.69,NA,NA,NA,NA,NA,NA,2,2,2,"wet",100,0,0,100,1,0,0,0,0,0,0,0,0,0,0,0,0,0,0,1,1,126.7458534,4047315.948,3693.209111,1677.941,0,0,9.24,"< 5%","16-Apr-2020","17-Dec-2020",245,"ES2045",1677.94,"M819","M545","M545"
"134","M819","2015-02-16","B6501","intest_biomes","twins","M","F","2014-09-29",140,"sampled_as_juvenile","twin","twin_sub","FF",NA,NA,"no_adoption","mum_alive",-0.69,NA,NA,NA,NA,NA,NA,2,2,2,"wet",1050,1050,1,0,0,0,0,0,0,0,0,0,0,0,0,0,0,0,0,1,1,102.9994251,611703.3037,7849.72838,83.77,0,0,5.643,"< 5%","16-Apr-2020","17-Dec-2020",245,"ES2044",83.77,"M813","M545","M545"
"135","M887","2017-07-15","B9221","intest_biomes","twins","M","M","2017-04-03",103,"sampled_as_juvenile","twin","twin_dom","mixed","2017-08-12",NA,"no_adoption","mum_alive",0.33,NA,NA,NA,NA,NA,NA,NA,2,7,"dry",1575,1525,1,50,1,0,0,0,0,0,0,0,0,0,0,0,0,0,0,2,2,76.7780743,96143.40693,3.170813214,79.441,0,0,8.831,"< 5%","16-Apr-2020","17-Dec-2020",245,"ES2661",79.44,"M886","M600","M600"
"136","M887","2017-12-27","B9996","intest_biomes","twins","M","M","2017-04-03",268,"sampled_as_juvenile","twin","twin_dom","mixed","2017-08-12",NA,"no_adoption","mum_alive",0.33,NA,NA,NA,NA,NA,NA,NA,1,12,"wet",4750,750,1,0,0,3550,1,0,0,0,0,400,1,0,0,50,1,0,0,4,4,48.61185632,76247.56745,1642.90693,20.918,0,0,5.736,"< 5%","16-Apr-2020","17-Dec-2020",245,"ES2857",20.92,"M886","M600","M600"
"137","M903","2018-03-01","C129","intest_biomes","twins","M","M","2017-08-21",192,"sampled_as_juvenile","twin","twin_dom","MM",NA,NA,"no_adoption","mum_alive",-0.68,NA,NA,NA,NA,NA,NA,NA,3,3,"wet",50,0,0,0,0,0,0,0,0,0,0,0,0,0,0,50,1,0,0,1,1,42.79185535,41237.41621,49.50827988,25.82,0,0,9.385,"< 5%","16-Apr-2020","17-Dec-2020",245,"ES2885",25.82,"M904","M545","M545"
"138","P316","2010-10-13","B1008","intest_biomes","adoptions","P","F","1999-07-27",4096,"sampled_as_adult",NA,NA,NA,NA,NA,NA,NA,NA,NA,NA,NA,NA,NA,-1,2,2,10,"dry",1675,1575,1,0,0,0,0,0,0,0,0,50,1,0,0,0,0,50,1,3,2,425.5989917,960.4016888,78.52094083,52.065,0,0,4.606,"< 5%","7-Oct-2017","14-Dec-2020",1164,"ES1436",52.07,NA,"P166","P166"
"139","P423","2009-11-14","X8770","intest_biomes","adoptions","P","F","2004-01-10",2135,"sampled_as_adult",NA,NA,NA,NA,NA,NA,NA,NA,NA,NA,NA,NA,NA,0.5,1,1,11,"wet",NA,NA,NA,NA,NA,NA,NA,NA,NA,NA,NA,NA,NA,NA,NA,NA,NA,NA,NA,NA,NA,84.55215733,59615.85192,15.37647083,47.632,0,0,13.43,"< 5%","24-Feb-2020","16-Dec-2020",296,"ES1249",47.63,"P424","P169","P169"
"140","P427","2004-06-21","X3300","intest_biomes","adoptions","P","M","2004-02-28",114,"sampled_as_juvenile","singlt",NA,NA,NA,NA,"no_adoption","mum_alive",0.11,NA,NA,NA,NA,NA,NA,2,2,6,"dry",NA,NA,NA,NA,NA,NA,NA,NA,NA,NA,NA,NA,NA,NA,NA,NA,NA,NA,NA,NA,NA,NA,NA,NA,NA,NA,NA,NA,NA,NA,NA,NA,NA,NA,NA,"P159","P159"
"141","P436","2004-06-29","X3322","intest_biomes","adoptions","P","M","2004-04-15",75,"sampled_as_juvenile",NA,NA,"mixed",NA,NA,"adoption","mum_alive",-1,"surrogate_mum1_alive",-0.33,NA,NA,"2004-05-16",NA,2,2,6,"dry",NA,NA,NA,NA,NA,NA,NA,NA,NA,NA,NA,NA,NA,NA,NA,NA,NA,NA,NA,NA,NA,NA,NA,NA,NA,NA,NA,NA,NA,NA,NA,NA,NA,NA,"P435","P316","P166"
"142","P438","2017-11-26","B9813","intest_biomes","extreme_ranks","P","F","2004-06-03",4924,"sampled_as_adult",NA,NA,NA,NA,NA,NA,NA,NA,NA,NA,NA,NA,NA,-0.21,NA,2,11,"wet",25,25,1,0,0,0,0,0,0,0,0,0,0,0,0,0,0,0,0,1,1,17.42396487,46907.6239,22.53360618,27.895,0,0,3.505,"< 5%","24-Feb-2020","16-Dec-2020",296,"ES2833",27.9,"P437","P198","P198"
"143","P450","2018-01-05","C52","intest_biomes","extreme_ranks","P","F","2005-04-19",4644,"sampled_as_adult",NA,NA,NA,NA,NA,NA,NA,NA,NA,NA,NA,NA,NA,0.89,NA,2,1,"wet",0,0,0,0,0,0,0,0,0,0,0,0,0,0,0,0,0,0,0,0,0,46.28163556,108226.4024,20.27796274,31.82,0,0,2.078,"5 - 10%","24-Feb-2020","16-Dec-2020",296,"ES2867",31.82,"P451","P197","P197"
"144","P474","2016-09-12","B8175","intest_biomes","adoptions","P","F","2006-01-06",3902,"sampled_as_adult",NA,NA,NA,NA,NA,NA,NA,NA,NA,NA,NA,NA,NA,0.35,2,2,9,"dry",1425,0,0,0,0,1425,1,0,0,0,0,0,0,0,0,0,0,0,0,1,1,32.62074394,95634.53526,35.95013432,21.941,0,0,5.834,"< 5%","22-Jan-2021","27-Jan-2021",5,"ES2423",21.94,"P473","P164","P164"
"145","P474","2017-01-16","B8825","intest_biomes","adoptions","P","F","2006-01-06",4028,"sampled_as_adult",NA,NA,NA,NA,NA,NA,NA,NA,NA,NA,NA,NA,NA,0.33,NA,2,1,"wet",7075,200,1,225,1,6650,1,0,0,0,0,0,0,0,0,0,0,0,0,3,3,66.15487779,68013.76914,21.12906216,35.125,0,0,6.056,"< 5%","24-Feb-2020","16-Dec-2020",296,"ES2561",35.13,"P473","P164","P164"
"146","P489","2007-09-21","X6464","intest_biomes","social_dyn","P","F","2006-06-16",462,"sampled_as_juvenile","twin","twin_dom","mixed",NA,NA,"no_adoption","mum_alive",0.93,NA,NA,NA,NA,NA,NA,2,2,9,"dry",NA,NA,NA,NA,NA,NA,NA,NA,NA,NA,NA,NA,NA,NA,NA,NA,NA,NA,NA,NA,NA,NA,NA,NA,NA,NA,NA,NA,NA,NA,NA,NA,NA,NA,"P492","P418","P418"
"147","P489","2009-07-14","X8435","intest_biomes","social_dyn","P","F","2006-06-16",1124,"sampled_as_adult",NA,NA,NA,NA,NA,NA,NA,NA,NA,NA,NA,NA,NA,0.81,2,2,7,"dry",NA,NA,NA,NA,NA,NA,NA,NA,NA,NA,NA,NA,NA,NA,NA,NA,NA,NA,NA,NA,NA,NA,NA,NA,NA,NA,NA,NA,NA,NA,NA,NA,NA,NA,"P492","P418","P418"
"148","P516","2007-10-25","X6587","intest_biomes","twins","P","F","2007-07-30",87,"sampled_as_juvenile","singlt",NA,NA,NA,NA,"no_adoption","mum_alive",-0.45,NA,NA,NA,NA,NA,NA,3,3,10,"dry",NA,NA,NA,NA,NA,NA,NA,NA,NA,NA,NA,NA,NA,NA,NA,NA,NA,NA,NA,NA,NA,NA,NA,NA,NA,NA,NA,NA,NA,NA,NA,NA,NA,NA,NA,"P429","P429"
"149","P518","2007-11-29","X6757","intest_biomes","social_dyn","P","F","2007-08-03",118,"sampled_as_juvenile","twin","twin_sub","FF",NA,NA,"no_adoption","mum_alive",1,NA,NA,NA,NA,NA,NA,2,2,11,"wet",NA,NA,NA,NA,NA,NA,NA,NA,NA,NA,NA,NA,NA,NA,NA,NA,NA,NA,NA,NA,NA,191.7797711,3745785.877,11342.2022,383.873,6.84114,1,10.502,"< 5%","16-Apr-2020","23-Mar-2021",341,"ES898",383.87,"P517","P197","P197"
"150","P518","2018-01-05","C47","intest_biomes","extreme_ranks","P","F","2007-08-03",3808,"sampled_as_adult",NA,NA,NA,NA,NA,NA,NA,NA,NA,NA,NA,NA,NA,1,NA,2,1,"wet",0,0,0,0,0,0,0,0,0,0,0,0,0,0,0,0,0,0,0,0,0,93.93299497,72513.60757,135.4064288,161.904,0,0,17.87,"< 5%","24-Feb-2020","16-Dec-2020",296,"ES2866",161.9,"P517","P197","P197"
"151","P529","2008-02-18","X6867","intest_biomes","social_dyn","P","F","2007-10-18",123,"sampled_as_juvenile","twin","twin_sub","mixed",NA,NA,"no_adoption","mum_alive",-0.24,NA,NA,NA,NA,NA,NA,1,1,2,"wet",NA,NA,NA,NA,NA,NA,NA,NA,NA,NA,NA,NA,NA,NA,NA,NA,NA,NA,NA,NA,NA,133.9275807,5199582.942,4602.381361,473.317,0,0,7.086,"5 - 10%","16-Apr-2020","23-Mar-2021",341,"ES921",473.32,"P524","P198","P198"
"152","P529","2015-09-01","B6994","intest_biomes","social_dyn","P","F","2007-10-18",2875,"sampled_as_adult",NA,NA,NA,NA,NA,NA,NA,NA,NA,NA,NA,NA,NA,0.28,2,2,9,"dry",1600,0,0,0,0,1600,1,0,0,0,0,0,0,0,0,0,0,0,0,1,1,53.52774468,164208.6278,321.7704307,43.407,0,0,5.767,"< 5%","16-Apr-2020","17-Dec-2020",245,"ES2182",43.41,"P524","P198","P198"
"153","P557","2009-10-21","X8699","intest_biomes","adoptions","P","F","2009-06-20",123,"sampled_as_juvenile","singlt",NA,NA,NA,NA,"no_adoption","mum_alive",0.6,NA,NA,NA,NA,NA,NA,3,3,10,"dry",NA,NA,NA,NA,NA,NA,NA,NA,NA,NA,NA,NA,NA,NA,NA,NA,NA,NA,NA,NA,NA,112.021273,236924.8797,1665.544958,44.13,0,0,20.992,"< 5%","24-Feb-2020","22-Mar-2021",392,"ES1226",97.06,NA,"P169","P169"
"154","P559","2009-10-20","X8691","intest_biomes","adoptions","P","F","2009-06-25",117,"sampled_as_juvenile","twin",NA,"FF",NA,NA,"no_adoption","mum_alive",-1,NA,NA,NA,NA,NA,NA,3,3,10,"dry",NA,NA,NA,NA,NA,NA,NA,NA,NA,NA,NA,NA,NA,NA,NA,NA,NA,NA,NA,NA,NA,70.81654718,352924.5341,423.9538104,19.713,0,0,11.787,"5 - 10%","24-Feb-2020","22-Mar-2021",392,"ES1223",19.71,"P561","P316","P316"
"155","P559","2009-11-07","X8749","intest_biomes","adoptions","P","F","2009-06-25",135,"sampled_as_juvenile","twin",NA,"FF",NA,NA,"no_adoption","mum_alive",-1,NA,NA,NA,NA,NA,NA,3,3,11,"wet",NA,NA,NA,NA,NA,NA,NA,NA,NA,NA,NA,NA,NA,NA,NA,NA,NA,NA,NA,NA,NA,42.19642653,38986.63083,15.37397209,17.89,0,0,1.442,"5 - 10%","24-Feb-2020","16-Dec-2020",296,"ES1242",17.89,"P561","P316","P316"
"156","P559","2009-11-14","X8766","intest_biomes","social_dyn","P","F","2009-06-25",142,"sampled_as_juvenile","twin",NA,"FF",NA,NA,"no_adoption","mum_alive",-1,NA,NA,NA,NA,NA,NA,1,1,11,"wet",NA,NA,NA,NA,NA,NA,NA,NA,NA,NA,NA,NA,NA,NA,NA,NA,NA,NA,NA,NA,NA,222.6253513,201916.0027,109.1109682,17.665,0,0,9.984,"< 5%","16-Apr-2020","16-Dec-2020",244,"ES1248",17.67,"P561","P316","P316"
"157","P561","2009-10-20","X8687","intest_biomes","adoptions","P","F","2009-06-25",117,"sampled_as_juvenile","twin",NA,"FF",NA,NA,"adoption","mum_alive",-1,"surrogate_mum1_alive",0.54,NA,NA,"2009-08-10",NA,3,3,10,"dry",NA,NA,NA,NA,NA,NA,NA,NA,NA,NA,NA,NA,NA,NA,NA,NA,NA,NA,NA,NA,NA,64.99594191,279424.136,995.0574963,25.832,0,0,9.314,"5 - 10%","24-Feb-2020","9-Feb-2021",351,"ES1222",25.83,"P559","P316","P423"
"158","P563","2009-09-30","X8572","intest_biomes","twins","P","M","2009-07-09",83,"sampled_as_juvenile","twin","twin_dom","mixed",NA,NA,"no_adoption","mum_alive",-0.45,NA,NA,NA,NA,NA,NA,2,2,9,"dry",NA,NA,NA,NA,NA,NA,NA,NA,NA,NA,NA,NA,NA,NA,NA,NA,NA,NA,NA,NA,NA,94.11230005,455215.4673,760.7115406,15.574,0,0,2.109,"< 5%","16-Apr-2020","16-Dec-2020",244,"ES1192",15.57,"P564","P223","P223"
"159","P564","2009-09-23","X8549","intest_biomes","twins","P","F","2009-07-09",76,"sampled_as_juvenile","twin","twin_sub","mixed",NA,NA,"no_adoption","mum_alive",-0.45,NA,NA,NA,NA,NA,NA,2,2,9,"dry",NA,NA,NA,NA,NA,NA,NA,NA,NA,NA,NA,NA,NA,NA,NA,NA,NA,NA,NA,NA,NA,115.2368164,1145731.457,1468.478932,57.366,0,0,5.849,"< 5%","16-Apr-2020","16-Dec-2020",244,"ES1184",57.37,"P563","P223","P223"
"160","P566","2009-11-10","X8760","intest_biomes","adoptions","P","F","2009-07-07",126,"sampled_as_juvenile","singlt",NA,NA,NA,NA,"joint_raising","mum_alive",-0.06,"surrogate_mum1_alive",-0.11,NA,NA,"2009-10-31",NA,3,3,11,"wet",NA,NA,NA,NA,NA,NA,NA,NA,NA,NA,NA,NA,NA,NA,NA,NA,NA,NA,NA,NA,NA,95.29019887,1233859.586,58.81012329,87.175,0,0,7.313,"< 5%","24-Feb-2020","16-Dec-2020",296,"ES1245",87.18,NA,"P474","P474+P473"
"161","P587","2010-07-05","B425","intest_biomes","twins","P","F","2010-03-21",106,"sampled_as_juvenile","twin","twin_sub","mixed",NA,NA,"no_adoption","mum_alive",-0.12,NA,NA,NA,NA,NA,NA,2,2,7,"dry",5975,5200,1,550,1,25,1,0,0,50,1,0,0,150,1,0,0,0,0,5,5,402.6287896,269486.0269,294.9080969,79.5,0,0,9.446,"< 5%","7-Oct-2017","30-Sep-2020",1089,"ES1359",NA,"P591","P381","P381"
"162","P589","2011-03-28","B2287","intest_biomes","social_dyn_twins","P","F","2010-03-27",366,"sampled_as_juvenile","twin","twin_sub","mixed","2010-07-05","2010-08-31","no_adoption","mum_alive",0.69,NA,NA,NA,NA,NA,NA,1,1,3,"wet",100,75,1,25,1,0,0,0,0,0,0,0,0,0,0,0,0,0,0,2,2,34.89976918,8145.014654,29.83799216,12.752,0,0,8.867,"< 5%","10-Jul-2017","15-Dec-2020",1254,"ES1584",12.75,"P590","P497","P497"
"163","P589","2014-11-14","B6359","intest_biomes","social_dyn","P","F","2010-03-27",1693,"sampled_as_adult",NA,NA,NA,NA,NA,NA,NA,NA,NA,NA,NA,NA,NA,0.47,2,2,11,"wet",750,0,0,0,0,750,1,0,0,0,0,0,0,0,0,0,0,0,0,1,1,35.80083822,313604.2942,27.84660532,25.576,0,0,19.161,"< 5%","22-Jan-2021","27-Jan-2021",5,"ES1944",25.07,"P590","P497","P497"
"164","P590","2011-03-28","B2293","intest_biomes","twins","P","M","2010-03-27",366,"sampled_as_juvenile","twin","twin_dom","mixed","2010-07-05","2010-08-31","no_adoption","mum_alive",0.69,NA,NA,NA,NA,NA,NA,1,1,3,"wet",0,0,0,0,0,0,0,0,0,0,0,0,0,0,0,0,0,0,0,0,0,30.17800609,10448.17488,15.2430753,17.855,0,0,8.439,"< 5%","10-Jul-2017","15-Dec-2020",1254,"ES1585",17.86,"P589","P497","P497"
"165","P591","2010-07-05","B433","intest_biomes","twins","P","M","2010-03-21",106,"sampled_as_juvenile","twin","twin_dom","mixed",NA,NA,"no_adoption","mum_alive",-0.12,NA,NA,NA,NA,NA,NA,2,2,7,"dry",4500,4450,1,25,1,0,0,0,0,0,0,0,0,25,1,0,0,0,0,3,3,303.0396282,9905643.86,39732.54246,84.79,2.343522,1,11.21,"< 5%","16-Apr-2020","16-Dec-2020",244,"ES1360",84.79,"P587","P381","P381"
"166","P607","2011-02-22","B1892","intest_biomes","social_dyn_twins","P","F","2010-08-30",176,"sampled_as_juvenile","twin","twin_dom","mixed","2010-10-07",NA,"no_adoption","mum_alive",0.94,NA,NA,NA,NA,NA,NA,1,1,2,"wet",2525,2525,1,0,0,0,0,0,1,0,0,0,0,0,0,0,0,0,0,2,2,94.43104835,16758.43608,396.6897456,39.194,0,0,2.637,"< 5%","10-Jul-2017","15-Dec-2020",1254,"ES1533",39.19,"P608","P518","P518"
"167","P608","2011-02-22","B1885","intest_biomes","twins","P","M","2010-08-30",176,"sampled_as_juvenile","twin","twin_sub","mixed","2010-10-07",NA,"no_adoption","mum_alive",0.94,NA,NA,NA,NA,NA,NA,1,1,2,"wet",100,100,1,0,0,0,0,0,0,0,0,0,0,0,0,0,0,0,0,1,1,160.925459,31698.75906,691.7564454,17.445,0,0,3.005,"< 5%","10-Jul-2017","15-Dec-2020",1254,"ES1532",17.45,"P607","P518","P518"
"168","P616","2012-07-04","B3242","intest_biomes","adoptions","P","F","2010-09-20",653,"sampled_as_juvenile","singlt",NA,NA,NA,NA,"no_adoption","mum_alive",-0.16,NA,NA,NA,NA,NA,NA,2,2,7,"dry",15225,200,1,200,1,14800,1,0,0,0,0,0,0,0,0,0,0,25,1,4,3,73.66295,27725.52531,6.689320029,33.52,0,0,19.06,"< 5%","8-Feb-2021","9-Feb-2021",1,"ES1749",33.52,NA,"P505","P505"
"169","P617","2011-03-17","B2250","intest_biomes","twins","P","M","2010-12-15",92,"sampled_as_juvenile","twin","twin_dom","MM",NA,NA,"no_adoption","mum_alive",-0.03,NA,NA,NA,NA,NA,NA,2,2,3,"wet",25,0,0,0,0,0,0,25,1,0,0,0,0,0,0,0,0,0,0,1,1,123.3163803,38223.24015,72.264835,24.505,0,0,3.266,"< 5%","10-Jul-2017","15-Dec-2020",1254,"ES1560",24.51,"P618","P473","P473"
"170","P618","2011-03-16","B2198","intest_biomes","twins","P","M","2010-12-15",91,"sampled_as_juvenile","twin","twin_sub","MM",NA,NA,"no_adoption","mum_alive",-0.03,NA,NA,NA,NA,NA,NA,2,2,3,"wet",3000,25,1,2925,1,0,0,0,0,0,0,0,0,0,0,50,1,0,0,3,3,110.2925378,389411.3812,285.9300822,22.95,0,0,5.923,"< 5%","22-Jan-2021","28-Jan-2021",6,"ES1558",22.95,"P617","P473","P473"
"171","P632","2011-11-17","B2980","intest_biomes","social_dyn","P","F","2011-02-18",272,"sampled_as_juvenile","twin","twin_sub","mixed",NA,NA,"no_adoption","mum_alive",0.47,NA,NA,NA,NA,NA,NA,2,2,11,"wet",NA,NA,NA,NA,NA,NA,NA,NA,NA,NA,NA,NA,NA,NA,NA,NA,NA,NA,NA,NA,NA,NA,NA,NA,NA,NA,NA,NA,NA,NA,NA,NA,NA,NA,"P634","P273","P273"
"172","P632","2015-02-12","B6492","intest_biomes","social_dyn","P","F","2011-02-18",1455,"sampled_as_adult",NA,NA,NA,NA,NA,NA,NA,NA,NA,NA,NA,NA,NA,0.47,1,1,2,"wet",NA,NA,NA,NA,NA,NA,NA,NA,NA,NA,NA,NA,NA,NA,NA,NA,NA,NA,NA,NA,NA,NA,NA,NA,NA,NA,NA,NA,NA,NA,NA,NA,NA,NA,"P634","P273","P273"
"173","P642","2016-09-03","B8097","intest_biomes","extreme_ranks","P","F","2011-07-02",1890,"sampled_as_adult",NA,NA,NA,NA,NA,NA,NA,NA,NA,NA,NA,NA,NA,0.86,2,2,9,"dry",4125,0,0,0,0,3800,1,0,0,0,0,0,0,0,0,0,0,325,1,2,1,27.41933568,53623.44949,66.45397804,53.805,0,0,5.77,"5 - 10%","24-Feb-2020","16-Dec-2020",296,"ES2405",53.81,"P643","P489","P489"
"174","P644","2017-01-03","B8751","intest_biomes","adoptions","P","F","2011-09-10",1942,"sampled_as_adult",NA,NA,NA,NA,NA,NA,NA,NA,NA,NA,NA,NA,NA,-0.18,NA,1,1,"wet",17600,100,1,3225,1,14225,1,0,0,0,0,0,0,0,0,0,0,50,1,4,3,141.5854042,1930950.257,4.02227609,49.137,0,0,41.05,"5 - 10%","22-Jan-2021","28-Jan-2021",6,"ES2545",49.14,NA,"P438","P438"
"175","P657","2012-09-03","B3321","intest_biomes","adoptions","P","F","2011-10-29",310,"sampled_as_juvenile","twin","twin_dom","mixed",NA,NA,"no_adoption","mum_alive",0.12,NA,NA,NA,NA,NA,NA,2,2,9,"dry",500,25,1,350,1,0,0,25,1,0,0,0,0,0,0,100,1,0,0,4,4,70.41139393,341347.8207,1660.601482,30.388,0,0,7.427,"5 - 10%","8-Feb-2021","9-Feb-2021",1,"ES1741",30.39,"P656","P474","P474"
"176","P667","2016-08-17","B7947","intest_biomes","social_dyn_extreme_ranks","P","F","2012-05-05",1565,"sampled_as_adult",NA,NA,NA,NA,NA,NA,NA,NA,NA,NA,NA,NA,NA,-0.64,2,2,8,"dry",725,0,0,0,0,725,1,0,0,0,0,0,0,0,0,0,0,0,0,1,1,122.8266656,8836.833249,8.680021977,63.593,0,0,12.915,"< 5%","22-Jan-2021","27-Jan-2021",5,"ES2379",63.59,"P666","P332","P332"
"177","P673","2012-09-13","B3354","intest_biomes","twins","P","F","2012-05-05",131,"sampled_as_juvenile","twin","twin_sub","FF",NA,NA,"no_adoption","mum_alive",-1,NA,NA,NA,NA,NA,NA,2,2,9,"dry",1825,1375,1,425,1,0,0,0,0,0,0,0,0,0,0,0,0,25,1,3,2,90.02422109,1362795.142,643.1763441,11.36,1.821535,1,5.26,"< 5%","16-Apr-2020","16-Dec-2020",244,"ES1755",11.36,"P674","P316","P316"
"178","P674","2012-09-13","B3358","intest_biomes","twins","P","F","2012-05-05",131,"sampled_as_juvenile","twin","twin_dom","FF",NA,NA,"no_adoption","mum_alive",-1,NA,NA,NA,NA,NA,NA,2,2,9,"dry",325,325,1,0,0,0,0,0,0,0,0,0,0,0,0,0,0,0,0,1,1,206.5955963,1782652.836,945.0417474,39.605,8.701082,1,12.87,"< 5%","16-Apr-2020","16-Dec-2020",244,"ES1756",39.61,"P673","P316","P316"
"179","P701","2013-06-25","B4285","intest_biomes","twins","P","F","2013-02-16",129,"sampled_as_juvenile","twin","twin_dom","FF","2013-05-31",NA,"no_adoption","mum_alive",-0.89,NA,NA,NA,NA,NA,NA,2,2,6,"dry",2075,2050,1,0,0,0,0,0,0,0,0,0,0,0,0,25,1,0,0,2,2,100.4813678,493780.5915,608.2630877,44.71,0,0,17.47,"5 - 10%","16-Apr-2020","17-Dec-2020",245,"ES1818",44.71,"P703","P463","P463"
"180","P703","2013-06-25","B4290","intest_biomes","twins","P","F","2013-02-16",129,"sampled_as_juvenile","twin","twin_sub","FF","2013-05-31",NA,"no_adoption","mum_alive",-0.89,NA,NA,NA,NA,NA,NA,2,2,6,"dry",325,250,1,75,1,0,0,0,0,0,0,0,0,0,0,0,0,0,0,2,2,105.150746,1025047.738,4107.418359,41.1,0,0,11.67,"< 5%","16-Apr-2020","17-Dec-2020",245,"ES1819",41.1,"P701","P463","P463"
"181","P715","2014-03-17","B4940","intest_biomes","social_dyn","P","F","2013-09-10",188,"sampled_as_juvenile","twin","twin_sub","FF",NA,NA,"no_adoption","mum_alive",0.64,NA,NA,NA,NA,NA,NA,2,2,3,"wet",650,525,1,0,0,0,0,0,0,0,0,50,1,0,0,75,1,0,0,3,3,125.5897521,495544.4833,18578.79934,17.68,0,0,2.523,"< 5%","16-Apr-2020","17-Dec-2020",245,"ES1907",17.68,"P716","P507","P507"
"182","P715","2016-06-29","B7715","intest_biomes","social_dyn","P","F","2013-09-10",1023,"sampled_as_adult",NA,NA,NA,NA,NA,NA,NA,NA,NA,NA,NA,NA,NA,0.55,2,2,6,"dry",475,25,1,0,0,450,1,0,0,0,0,0,0,0,0,0,0,0,0,2,2,50.0190662,47360.25658,224.0194548,19,0,0,8.454,"5 - 10%","16-Apr-2020","17-Dec-2020",245,"ES2324",19,"P716","P507","P507"
"183","P750","2015-01-05","B6288","intest_biomes","social_dyn","P","F","2014-05-28",222,"sampled_as_juvenile","singlt",NA,NA,NA,NA,"no_adoption","mum_alive",-0.89,NA,NA,NA,NA,NA,NA,1,1,1,"wet",4575,1275,1,575,1,2300,1,75,1,NA,NA,25,1,125,1,200,1,0,0,7,7,96.61835443,479438.3076,1959.865011,25.48,0,0,3.897,"5 - 10%","16-Apr-2020","17-Dec-2020",245,"ES2013",25.48,NA,"P281","P281"
"184","P750","2017-01-02","B8742","intest_biomes","social_dyn","P","F","2014-05-28",950,"sampled_as_adult",NA,NA,NA,NA,NA,NA,NA,NA,NA,NA,NA,NA,NA,-0.38,NA,1,1,"wet",31675,75,1,875,1,30725,1,0,0,0,0,0,0,0,0,0,0,0,0,3,3,41.2891058,96143.40693,146.4785513,23.946,0,0,4.433,"< 5%","16-Apr-2020","17-Dec-2020",245,"ES2543",23.95,NA,"P281","P281"
"185","P755","2015-02-10","B6477","intest_biomes","adoptions","P","F","2014-11-05",97,"sampled_as_juvenile","twin","twin_dom","mixed",NA,NA,"no_adoption","mum_alive",-0.32,NA,NA,NA,NA,NA,NA,1,1,2,"wet",NA,NA,NA,NA,NA,NA,NA,NA,NA,NA,NA,NA,NA,NA,NA,NA,NA,NA,NA,NA,NA,NA,NA,NA,NA,NA,NA,NA,NA,NA,NA,NA,NA,NA,"P756","P529","P529"
"186","P772","2017-09-14","B9444","intest_biomes","social_dyn","P","F","2015-06-30",807,"sampled_as_adult",NA,NA,NA,NA,NA,NA,NA,NA,NA,NA,NA,NA,NA,0.63,NA,2,9,"dry",50,50,1,0,0,0,0,0,0,0,0,0,0,0,0,0,0,0,0,1,1,68.66004715,52194.14636,64.62763923,14.267,0,0,20.63,"< 5%","16-Apr-2020","17-Dec-2020",245,"ES2726",NA,NA,"P526","P526"
"187","P774","2015-10-19","B7103","intest_biomes","twins","P","M","2015-07-06",105,"sampled_as_juvenile","twin","twin_dom","mixed",NA,NA,"no_adoption","mum_alive",-0.76,NA,NA,NA,NA,NA,NA,2,2,10,"dry",12400,11400,1,875,1,125,1,0,0,0,0,0,0,0,0,0,0,0,0,3,3,89.02375087,1208532.368,974.2675022,50.09,0.5561471,1,3.058,"< 5%","16-Apr-2020","17-Dec-2020",245,"ES2212",50.09,"P775","P535","P535"
"188","P775","2015-10-22","B7118","intest_biomes","twins","P","F","2015-07-06",108,"sampled_as_juvenile","twin","twin_sub","mixed",NA,NA,"no_adoption","mum_alive",-0.76,NA,NA,NA,NA,NA,NA,2,2,10,"dry",29000,6275,1,0,0,22700,1,25,1,0,0,0,0,0,0,0,0,0,0,3,3,76.69529207,538111.4901,3114.796227,31.07,0,0,8.29,"< 5%","16-Apr-2020","17-Dec-2020",245,"ES2216",31.07,"P774","P535","P535"
"189","P791","2016-08-04","B7901","intest_biomes","adoptions","P","F","2016-01-21",196,"sampled_as_juvenile","twin","twin_dom","mixed",NA,NA,"no_adoption","mum_alive",-0.09,NA,NA,NA,NA,NA,NA,2,2,8,"dry",36225,0,0,0,0,35850,1,0,0,0,0,0,0,0,0,50,1,325,1,3,2,133.8891216,2512637.04,632.0470858,42.95,0,0,5.179,"< 5%","22-Jan-2021","28-Jan-2021",6,"ES2367",42.95,"P790","P529","P529"
"190","P795","2016-09-12","B8180","intest_biomes","adoptions","P","F","2016-04-09",156,"sampled_as_juvenile","twin","twin_sub","mixed","2016-08-13",NA,"joint_raising","mum_dead",NA,"surrogate_mum1_alive",0.35,"surrogate_mum2_alive",0.26,"2016-05-16",NA,2,2,9,"dry",25,0,0,0,0,0,0,25,1,0,0,0,0,0,0,0,0,0,0,1,1,88.12304374,690716.618,792.4783001,60.585,0,0,20.93,"5 - 10%","24-Feb-2020","15-Dec-2020",295,"ES2424",60.59,"P796","P566","P566+P474+P657"
"191","P795","2016-11-09","B8423","intest_biomes","adoptions_twins","P","F","2016-04-09",214,"sampled_as_juvenile","twin","twin_sub","mixed","2016-08-13",NA,"joint_raising","mum_dead",NA,"surrogate_mum1_alive",0.32,"surrogate_mum2_alive",0.27,"2016-05-16",NA,2,2,11,"wet",3250,2175,1,350,1,0,0,0,0,0,0,0,0,50,1,675,1,0,0,4,4,89.19484046,186765.1174,10643.67942,51.595,0,0,3.036,"< 5%","8-Feb-2021","9-Feb-2021",1,"ES2490",51.6,"P796","P566","P566+P474+P657"
"192","P796","2016-11-09","B8427","intest_biomes","adoptions_twins","P","M","2016-04-09",214,"sampled_as_juvenile","twin","twin_dom","mixed","2016-08-13",NA,"joint_raising","mum_dead",NA,"surrogate_mum1_alive",0.32,NA,NA,"2016-05-16",NA,2,2,11,"wet",11250,1400,1,175,1,9375,1,25,1,0,0,0,0,0,0,275,1,0,0,5,5,111.1540838,160256.7659,1975.667395,35.105,3.013925,1,6.265,"5 - 10%","8-Feb-2021","9-Feb-2021",1,"ES2491",35.1,"P795","P566","P566+P474"
"193","P796","2017-01-16","B8833","intest_biomes","adoptions","P","M","2016-04-09",282,"sampled_as_juvenile","twin","twin_dom","mixed","2016-08-13",NA,"joint_raising","mum_dead",NA,"surrogate_mum1_alive",0.33,NA,NA,"2016-05-16",NA,NA,2,1,"wet",9375,625,1,0,0,8750,1,0,0,0,0,0,0,0,0,0,0,0,0,2,2,87.59252133,185280.1611,1120.910326,14.861,NA,NA,22.25,"< 5%","24-Feb-2020","9-Feb-2021",351,"ES2563",14.86,"P795","P566","P566+P474"
"194","P801","2016-10-15","B8390","intest_biomes","adoptions","P","M","2016-05-29",139,"sampled_as_juvenile","twin","twin_dom","mixed",NA,NA,"no_adoption","mum_alive",0.1,NA,NA,NA,NA,NA,NA,2,2,10,"dry",3125,2075,1,325,1,0,0,0,0,0,0,0,0,0,0,725,1,0,0,3,3,150.4194157,323186.2461,76.91895194,91.74,0,0,9.663,"< 5%","8-Feb-2021","9-Feb-2021",1,"ES2480",91.74,"P805","P381","P381"
"195","P805","2016-11-15","B8452","intest_biomes","adoptions","P","F","2016-05-29",170,"sampled_as_juvenile","twin","twin_sub","mixed",NA,NA,"no_adoption","mum_alive",0.15,NA,NA,NA,NA,NA,NA,1,1,11,"wet",42250,3500,1,50,1,38500,1,100,1,0,0,0,0,100,1,0,0,0,0,5,5,79.24311865,356389.1194,342.1968916,21.985,1.13215,1,3.393,"5 - 10%","24-Feb-2020","16-Dec-2020",296,"ES2498",21.99,"P801","P381","P381"
"196","P809","2016-11-15","B8459","intest_biomes","adoptions","P","M","2016-06-19",149,"sampled_as_juvenile","twin","twin_sub","mixed",NA,NA,"no_adoption","mum_alive",0.75,NA,NA,NA,NA,NA,NA,1,1,11,"wet",28625,175,1,25,1,28425,1,0,0,0,0,0,0,0,0,0,0,0,0,3,3,114.0192892,309251.9267,630.7020523,41.035,0,0,6.713,"< 5%","24-Feb-2020","16-Dec-2020",296,"ES2500",41.04,"P806","P589","P589"
"197","P810","2017-01-31","B8861","intest_biomes","adoptions","P","M","2016-06-11",234,"sampled_as_juvenile","twin","twin_dom","mixed",NA,NA,"no_adoption","mum_alive",-0.74,NA,NA,NA,NA,NA,NA,NA,1,1,"wet",425,200,1,75,1,150,1,0,0,0,0,0,0,0,0,0,0,0,0,3,3,64.98758268,323186.2461,1609.184757,33.086,0,0,6.041,"5 - 10%","8-Feb-2021","9-Feb-2021",1,"ES2571",33.09,"P812","P535","P535"
"198","P812","2016-09-20","B8276","intest_biomes","adoptions","P","F","2016-06-11",101,"sampled_as_juvenile","twin","twin_sub","mixed",NA,NA,"no_adoption","mum_alive",-0.76,NA,NA,NA,NA,NA,NA,1,1,9,"dry",41850,2050,1,37300,1,2425,1,50,1,0,0,25,1,0,0,0,0,0,0,5,5,105.2859197,567257.0355,8529.431286,17.04,0,0,6.411,"< 5%","24-Feb-2020","16-Dec-2020",296,"ES2448",17.04,"P810","P535","P535"
"199","P814","2016-10-14","B8366","intest_biomes","twins","P","F","2016-07-22",84,"sampled_as_juvenile","twin","twin_dom","mixed",NA,NA,"no_adoption","mum_alive",1,NA,NA,NA,NA,NA,NA,3,3,10,"dry",650,75,1,175,1,400,1,0,0,0,0,0,0,0,0,0,0,0,0,3,3,304.0124773,7259642.14,1.179859443,337.624,3829.3577,1,26.96,"5 - 10%","16-Apr-2020","28-Jan-2021",287,"ES2474",337.62,"P815","P518","P518"
"200","P815","2016-10-10","B8332","intest_biomes","twins","P","M","2016-07-22",80,"sampled_as_juvenile","twin","twin_sub","mixed",NA,NA,"no_adoption","mum_alive",1,NA,NA,NA,NA,NA,NA,2,2,10,"dry",34500,9800,1,24675,1,0,0,0,0,0,0,25,1,0,0,0,0,0,0,3,3,471.3832369,5701785.013,100.6002963,28.913,4.325197,1,33.49,"< 5%","16-Apr-2020","17-Dec-2020",245,"ES2464",28.91,"P814","P518","P518"
"201","P816","2016-10-09","B8320","intest_biomes","adoptions","P","F","2016-08-18",52,"sampled_as_juvenile","twin","twin_dom","mixed",NA,NA,"no_adoption","mum_alive",0.19,NA,NA,NA,NA,NA,NA,2,2,10,"dry",1075,625,1,425,1,0,0,0,0,0,0,25,1,0,0,0,0,0,0,3,3,344.8755762,6499436.461,436.558335,70.635,2.285851,1,27.09,"5 - 10%","8-Feb-2021","9-Feb-2021",1,"ES2461",70.64,"P817","P473","P473"
"202","P819","2017-01-20","B8846","intest_biomes","twins","P","F","2016-08-10",163,"sampled_as_juvenile","twin","twin_dom","FF","2017-02-14",NA,"no_adoption","mum_alive",-0.69,NA,NA,NA,NA,NA,NA,NA,3,1,"wet",6425,0,0,0,0,6425,1,0,0,0,0,0,0,0,0,0,0,0,0,1,1,88.5436493,87588.24559,109.5326439,30.985,0,0,36.76,"< 5%","16-Apr-2020","17-Dec-2020",245,"ES2567",30.99,"P820","P614","P614"
"203","P819","2017-03-15","B9023","intest_biomes","twins","P","F","2016-08-10",217,"sampled_as_juvenile","twin","twin_dom","FF","2017-02-14",NA,"no_adoption","mum_alive",-0.68,NA,NA,NA,NA,NA,NA,NA,1,3,"wet",5325,475,1,725,1,3500,1,0,0,0,0,0,0,0,0,625,1,0,0,4,4,99.86351572,897631.6751,805.2867665,41.187,495.43867,1,6.247,"< 5%","16-Apr-2020","17-Dec-2020",245,"ES2610",41.19,"P820","P614","P614"
"204","P820","2016-12-19","B8718","intest_biomes","twins","P","F","2016-08-10",131,"sampled_as_juvenile","twin","twin_sub","FF","2017-02-14",NA,"no_adoption","mum_alive",-0.69,NA,NA,NA,NA,NA,NA,NA,1,12,"wet",75,75,1,0,0,0,0,0,0,0,0,0,0,0,0,0,0,0,0,1,1,34.62475339,90380.01936,287.0432699,11.005,0,0,1.796,"< 5%","16-Apr-2020","17-Dec-2020",245,"ES2537",11,"P819","P614","P614"
"205","P820","2017-02-23","B8964","intest_biomes","twins","P","F","2016-08-10",197,"sampled_as_juvenile","twin","twin_sub","FF","2017-02-14",NA,"no_adoption","mum_alive",-0.68,NA,NA,NA,NA,NA,NA,NA,1,2,"wet",100,75,1,0,0,25,1,0,0,0,0,0,0,0,0,0,0,0,0,2,2,101.1777477,187204.5199,128.6489995,NA,0,0,30.22,"5 - 10%","8-Feb-2021","9-Feb-2021",1,"ES2603",NA,"P819","P614","P614"
"206","P823","2016-11-28","B8589","intest_biomes","twins","P","F","2016-09-02",87,"sampled_as_juvenile","twin","twin_sub","FF","2019-11-18",NA,"no_adoption","mum_alive",0.69,NA,NA,NA,NA,NA,NA,2,2,11,"wet",NA,NA,NA,NA,NA,NA,NA,NA,NA,NA,NA,NA,NA,NA,NA,NA,NA,NA,NA,NA,NA,NA,NA,NA,NA,NA,NA,NA,NA,NA,NA,NA,NA,NA,"P824","P526","P526"
"207","P823","2017-01-03","B8748","intest_biomes","adoptions","P","F","2016-09-02",123,"sampled_as_juvenile","twin","twin_sub","FF","2019-11-18",NA,"no_adoption","mum_alive",0.69,NA,NA,NA,NA,NA,NA,NA,1,1,"wet",15900,2250,1,75,1,13575,1,0,0,0,0,0,0,0,0,0,0,0,0,3,3,78.18194805,296934.2878,9789.747291,43.299,0,0,2.467,"< 5%","8-Feb-2021","9-Feb-2021",1,"ES2544",43.3,"P824","P526","P526"
"208","P824","2016-11-29","B8601","intest_biomes","twins","P","F","2016-09-02",88,"sampled_as_juvenile","twin","twin_dom","FF","2019-11-18",NA,"no_adoption","mum_alive",0.69,NA,NA,NA,NA,NA,NA,1,1,11,"wet",NA,NA,NA,NA,NA,NA,NA,NA,NA,NA,NA,NA,NA,NA,NA,NA,NA,NA,NA,NA,NA,NA,NA,NA,NA,NA,NA,NA,NA,NA,NA,NA,NA,NA,"P823","P526","P526"
"209","P827","2017-01-02","B8738","intest_biomes","adoptions","P","F","2016-09-05",119,"sampled_as_juvenile","twin","twin_sub",NA,NA,NA,"adoption","mum_dead",NA,"surrogate_mum1_alive",-0.18,NA,NA,NA,NA,NA,1,1,"wet",4700,4575,1,0,0,0,0,50,1,0,0,25,1,25,1,25,1,0,0,5,5,121.389157,4544810.269,375.5397906,155.553,0,0,29.47,"< 5%","24-Feb-2020","16-Dec-2020",296,"ES2542",155.55,"P829","P616","P644"
"210","P854","2017-09-21","B9474","intest_biomes","twins","P","M","2017-05-29",115,"sampled_as_juvenile","twin","twin_sub","mixed",NA,NA,"no_adoption","mum_alive",-0.21,NA,NA,NA,NA,NA,NA,NA,2,9,"dry",400,350,1,0,0,0,0,0,0,0,0,0,0,0,0,50,1,0,0,2,2,72.67902454,59432.53424,2712.627223,19.85,0,0,3.971,"< 5%","16-Apr-2020","17-Dec-2020",245,"ES2734",19.85,"P857","P438","P438"
"211","P857","2017-09-21","B9482","intest_biomes","twins","P","F","2017-05-29",115,"sampled_as_juvenile","twin","twin_dom","mixed",NA,NA,"no_adoption","mum_alive",-0.21,NA,NA,NA,NA,NA,NA,NA,2,9,"dry",NA,NA,NA,NA,NA,NA,NA,NA,NA,NA,NA,NA,NA,NA,NA,NA,NA,NA,NA,NA,NA,NA,NA,NA,NA,NA,NA,NA,NA,NA,NA,NA,NA,NA,"P854","P438","P438"
